Candidate_ID,Date,Self_Development,Geo_Flex,Result
12257,2019-05-08,Yes,Yes,Fail
11525,2019-02-21,Yes,Yes,Pass
11882,2019-03-26,Yes,Yes,Pass
11673,2019-01-22,Yes,Yes,Fail
10566,2019-07-18,Yes,Yes,Pass
10915,2019-07-12,Yes,Yes,Pass
11626,2019-02-07,Yes,Yes,Pass
12726,2019-10-30,No,Yes,Fail
11758,2019-01-03,Yes,Yes,Pass
10518,2019-07-09,Yes,Yes,Fail
13249,2019-04-03,Yes,Yes,Fail
11708,2019-01-22,Yes,Yes,Fail
12318,2019-05-16,Yes,No,Fail
11671,2019-01-16,Yes,Yes,Pass
10412,2019-07-02,Yes,Yes,Pass
11047,2019-07-04,Yes,Yes,Pass
11033,2019-07-26,Yes,No,Fail
11516,2019-02-20,Yes,Yes,Pass
10709,2019-07-12,No,No,Fail
10228,2019-08-21,Yes,Yes,Pass
11031,2019-07-13,Yes,Yes,Pass
12885,2019-09-17,Yes,Yes,Fail
13317,2019-04-04,Yes,Yes,Pass
10531,2019-07-30,Yes,No,Fail
12549,2019-11-07,Yes,Yes,Pass
12185,2019-05-15,Yes,Yes,Pass
12546,2019-11-27,No,Yes,Fail
12519,2019-11-07,Yes,Yes,Pass
12622,2019-10-17,Yes,No,Fail
12839,2019-10-08,Yes,Yes,Pass
12656,2019-10-10,Yes,Yes,Pass
10548,2019-07-23,Yes,Yes,Pass
13153,2019-04-30,Yes,Yes,Pass
10505,2019-07-11,Yes,Yes,Pass
11406,2019-02-27,Yes,Yes,Pass
12108,2019-03-27,Yes,Yes,Pass
10695,2019-07-19,Yes,No,Fail
12262,2019-05-15,Yes,Yes,Pass
11628,2019-02-28,Yes,Yes,Pass
11226,2019-12-18,Yes,Yes,Fail
12597,2019-10-29,Yes,Yes,Pass
12187,2019-05-29,Yes,Yes,Pass
10923,2019-07-18,Yes,Yes,Pass
11604,2019-02-27,Yes,Yes,Pass
11218,2019-12-10,Yes,Yes,Fail
12404,2019-11-20,Yes,Yes,Pass
11437,2019-02-12,Yes,No,Fail
11740,2019-01-29,Yes,Yes,Pass
10382,2019-07-30,Yes,Yes,Pass
12398,2019-11-21,Yes,Yes,Fail
11449,2019-02-27,Yes,Yes,Pass
10515,2019-07-30,Yes,Yes,Pass
13269,2019-04-11,No,Yes,Fail
13154,2019-04-18,Yes,Yes,Pass
12970,2019-09-24,Yes,Yes,Pass
12620,2019-10-30,Yes,Yes,Pass
11653,2019-01-17,Yes,Yes,Pass
12014,2019-03-05,Yes,Yes,Pass
11832,2019-01-22,No,Yes,Fail
10675,2019-07-27,Yes,Yes,Pass
11107,2019-07-26,Yes,No,Fail
10408,2019-07-30,Yes,Yes,Pass
12753,2019-10-01,Yes,Yes,Pass
12082,2019-03-21,Yes,Yes,Pass
11826,2019-01-17,Yes,Yes,Pass
11996,2019-03-05,Yes,Yes,Fail
12906,2019-09-03,Yes,Yes,Pass
10331,2019-07-30,Yes,No,Fail
12431,2019-11-14,Yes,Yes,Fail
11833,2019-01-31,Yes,Yes,Pass
10759,2019-07-18,Yes,Yes,Pass
10665,2019-07-18,Yes,Yes,Fail
12550,2019-11-20,Yes,Yes,Pass
12535,2019-11-27,Yes,Yes,Fail
11955,2019-03-07,Yes,Yes,Pass
10957,2019-07-04,Yes,Yes,Pass
12314,2019-05-15,Yes,Yes,Fail
12560,2019-11-19,Yes,Yes,Pass
11924,2019-03-28,Yes,Yes,Pass
10687,2019-07-27,Yes,Yes,Pass
13192,2019-04-03,Yes,Yes,Fail
12538,2019-11-27,Yes,Yes,Pass
12689,2019-10-02,Yes,Yes,Pass
11225,2019-12-19,Yes,Yes,Pass
13213,2019-04-04,Yes,Yes,Fail
10243,2019-08-22,Yes,Yes,Pass
12156,2019-05-07,Yes,Yes,Pass
10345,2019-07-02,Yes,Yes,Pass
10195,2019-08-27,Yes,Yes,Pass
13277,2019-04-30,Yes,Yes,Pass
12908,2019-09-18,Yes,Yes,Pass
11502,2019-02-21,Yes,Yes,Pass
11995,2019-03-28,Yes,Yes,Fail
12996,2019-09-25,Yes,Yes,Pass
12857,2019-09-03,Yes,Yes,Pass
11561,2019-02-13,Yes,Yes,Pass
11305,2019-12-04,No,Yes,Fail
11861,2019-01-08,Yes,Yes,Pass
11781,2019-01-29,Yes,Yes,Pass
11280,2019-12-03,Yes,Yes,Pass
12677,2019-10-10,No,Yes,Fail
12198,2019-05-15,Yes,Yes,Pass
12182,2019-05-16,Yes,Yes,Pass
11603,2019-02-14,Yes,Yes,Pass
11235,2019-12-03,Yes,Yes,Fail
13167,2019-04-16,Yes,Yes,Fail
11544,2019-02-26,Yes,Yes,Pass
10108,2019-08-28,Yes,Yes,Pass
11645,2019-02-28,Yes,No,Fail
12276,2019-05-16,Yes,Yes,Pass
10999,2019-07-12,Yes,Yes,Pass
10397,2019-07-10,Yes,Yes,Pass
12301,2019-05-23,Yes,Yes,Pass
10511,2019-07-23,Yes,Yes,Pass
10251,2019-08-07,Yes,Yes,Pass
11774,2019-01-02,Yes,No,Fail
11791,2019-01-23,Yes,Yes,Pass
12083,2019-03-13,Yes,Yes,Pass
10506,2019-07-16,Yes,Yes,Pass
13141,2019-04-17,No,Yes,Fail
11842,2019-01-17,Yes,Yes,Pass
11274,2019-12-05,Yes,Yes,Pass
11286,2019-12-11,Yes,No,Fail
10140,2019-08-28,Yes,Yes,Pass
12360,2019-05-30,Yes,Yes,Pass
11103,2019-07-25,Yes,Yes,Pass
10560,2019-07-25,Yes,Yes,Pass
11638,2019-02-12,Yes,Yes,Fail
11662,2019-01-29,Yes,Yes,Pass
12762,2019-10-24,Yes,No,Fail
11663,2019-01-31,Yes,Yes,Pass
12007,2019-03-26,Yes,No,Fail
11489,2019-02-12,Yes,Yes,Pass
11680,2019-01-08,Yes,Yes,Pass
11537,2019-02-05,Yes,Yes,Fail
12065,2019-03-26,Yes,Yes,Pass
11418,2019-02-05,Yes,Yes,Pass
10029,2019-08-01,Yes,Yes,Pass
10273,2019-08-07,Yes,Yes,Pass
13200,2019-04-23,Yes,Yes,Pass
12462,2019-11-07,Yes,No,Fail
12497,2019-11-27,Yes,Yes,Pass
13336,2019-04-11,Yes,Yes,Fail
10551,2019-07-02,Yes,Yes,Pass
12780,2019-10-02,Yes,Yes,Pass
11137,2019-07-06,Yes,Yes,Pass
11336,2019-12-11,Yes,Yes,Pass
12886,2019-09-11,Yes,Yes,Fail
10321,2019-07-18,No,Yes,Fail
12539,2019-11-07,Yes,Yes,Pass
11738,2019-01-10,Yes,Yes,Fail
10905,2019-07-04,Yes,No,Fail
12759,2019-10-22,No,Yes,Fail
12073,2019-03-19,No,Yes,Fail
13266,2019-04-02,Yes,Yes,Pass
10472,2019-07-31,Yes,Yes,Pass
11379,2019-12-05,Yes,No,Fail
10487,2019-07-09,No,Yes,Fail
12818,2019-10-10,No,Yes,Fail
11173,2019-07-25,Yes,Yes,Pass
11595,2019-02-13,No,Yes,Fail
10306,2019-07-09,Yes,No,Fail
13222,2019-04-24,Yes,Yes,Pass
11990,2019-03-05,No,Yes,Fail
12573,2019-11-12,Yes,Yes,Pass
11778,2019-01-16,Yes,Yes,Pass
11659,2019-01-30,Yes,Yes,Pass
13187,2019-04-04,No,Yes,Fail
12910,2019-09-11,Yes,Yes,Pass
10577,2019-07-02,Yes,Yes,Pass
12131,2019-05-16,Yes,Yes,Pass
11487,2019-02-06,Yes,Yes,Fail
10392,2019-07-24,Yes,Yes,Pass
11641,2019-02-05,Yes,Yes,Pass
12872,2019-09-25,No,Yes,Fail
10316,2019-07-02,Yes,Yes,Pass
10955,2019-07-12,Yes,Yes,Pass
11419,2019-02-19,Yes,Yes,Pass
10041,2019-08-22,Yes,Yes,Pass
12948,2019-09-25,Yes,Yes,Pass
10465,2019-07-30,Yes,Yes,Pass
10136,2019-08-14,Yes,Yes,Fail
12174,2019-05-22,Yes,Yes,Pass
10458,2019-07-31,Yes,Yes,Fail
11923,2019-03-12,Yes,No,Fail
12226,2019-05-21,No,Yes,Fail
12068,2019-03-19,Yes,No,Fail
11896,2019-03-26,Yes,Yes,Pass
13097,2019-09-05,Yes,Yes,Pass
13084,2019-09-04,Yes,Yes,Pass
10471,2019-07-23,Yes,Yes,Pass
12785,2019-10-30,Yes,Yes,Fail
13170,2019-04-16,No,Yes,Fail
10761,2019-07-26,Yes,No,Fail
10322,2019-07-25,Yes,No,Fail
11492,2019-02-06,Yes,No,Fail
12418,2019-11-20,No,Yes,Fail
11920,2019-03-14,Yes,Yes,Fail
10185,2019-08-21,Yes,Yes,Fail
10260,2019-08-21,Yes,Yes,Pass
12555,2019-11-12,Yes,Yes,Pass
12388,2019-11-05,Yes,Yes,Pass
12063,2019-03-13,Yes,Yes,Fail
13058,2019-09-24,Yes,Yes,Pass
10685,2019-07-11,Yes,Yes,Pass
12004,2019-03-13,Yes,Yes,Pass
11458,2019-02-13,Yes,Yes,Pass
10567,2019-07-25,Yes,Yes,Pass
10380,2019-07-17,Yes,Yes,Pass
12738,2019-10-02,Yes,Yes,Pass
12598,2019-10-17,Yes,No,Fail
10123,2019-08-29,Yes,No,Fail
10541,2019-07-02,Yes,Yes,Pass
12976,2019-09-03,No,Yes,Fail
10246,2019-08-20,Yes,No,Fail
11881,2019-01-17,Yes,Yes,Fail
12801,2019-10-31,Yes,Yes,Pass
10099,2019-08-14,Yes,Yes,Fail
12453,2019-11-06,Yes,Yes,Pass
11475,2019-02-13,Yes,Yes,Pass
13151,2019-04-04,Yes,No,Fail
11365,2019-12-19,Yes,Yes,Fail
10558,2019-07-02,Yes,Yes,Fail
12146,2019-05-29,No,Yes,Fail
12778,2019-10-30,Yes,No,Fail
13239,2019-04-09,Yes,Yes,Pass
13323,2019-04-11,Yes,Yes,Pass
10597,2019-07-11,Yes,Yes,Fail
11451,2019-02-06,Yes,Yes,Pass
11584,2019-02-05,Yes,Yes,Fail
12924,2019-09-26,Yes,Yes,Pass
13209,2019-04-30,Yes,Yes,Pass
13116,2019-09-04,Yes,Yes,Pass
12889,2019-09-04,Yes,Yes,Pass
12412,2019-11-20,Yes,Yes,Pass
10042,2019-08-14,Yes,Yes,Pass
12585,2019-11-19,Yes,Yes,Pass
10193,2019-08-08,Yes,Yes,Pass
11815,2019-01-31,Yes,No,Fail
12098,2019-03-19,Yes,Yes,Pass
12096,2019-03-20,Yes,Yes,Pass
11675,2019-01-22,No,Yes,Fail
12154,2019-05-08,Yes,Yes,Pass
12240,2019-05-23,Yes,Yes,Pass
10378,2019-07-02,Yes,Yes,Pass
12883,2019-09-05,Yes,Yes,Fail
13132,2019-04-17,Yes,Yes,Pass
10941,2019-07-18,Yes,Yes,Fail
10601,2019-07-18,Yes,Yes,Fail
12609,2019-10-17,Yes,Yes,Pass
11508,2019-02-27,Yes,Yes,Pass
12018,2019-03-07,Yes,No,Fail
12076,2019-03-19,Yes,Yes,Pass
12710,2019-10-29,Yes,Yes,Pass
12114,2019-03-26,Yes,Yes,Pass
12803,2019-10-03,Yes,Yes,Pass
10931,2019-07-06,Yes,Yes,Pass
12290,2019-05-07,Yes,Yes,Pass
12330,2019-05-02,Yes,Yes,Pass
11129,2019-07-11,Yes,Yes,Pass
11986,2019-03-27,Yes,Yes,Pass
10016,2019-08-06,Yes,Yes,Fail
11607,2019-02-12,No,Yes,Fail
13346,2019-04-11,Yes,Yes,Pass
11913,2019-03-07,Yes,Yes,Pass
12477,2019-11-21,Yes,Yes,Pass
11193,2019-07-20,Yes,Yes,Pass
11442,2019-02-12,Yes,Yes,Fail
12709,2019-10-02,Yes,Yes,Fail
11460,2019-02-26,Yes,Yes,Pass
10813,2019-07-13,Yes,Yes,Pass
12613,2019-10-29,Yes,Yes,Pass
11556,2019-02-28,Yes,Yes,Pass
11091,2019-07-05,Yes,Yes,Fail
13190,2019-04-09,Yes,Yes,Pass
11372,2019-12-05,Yes,Yes,Pass
12576,2019-11-21,No,Yes,Fail
12362,2019-05-14,Yes,No,Fail
10627,2019-07-04,Yes,Yes,Pass
10635,2019-07-25,Yes,Yes,Pass
13014,2019-09-19,Yes,Yes,Fail
10739,2019-07-27,Yes,Yes,Pass
11730,2019-01-23,Yes,Yes,Pass
13350,2019-04-25,Yes,Yes,Pass
13021,2019-09-17,Yes,No,Fail
10555,2019-07-17,Yes,No,Fail
11862,2019-01-23,Yes,Yes,Fail
11994,2019-03-14,Yes,Yes,Pass
11482,2019-02-07,No,No,Fail
10067,2019-08-15,Yes,Yes,Pass
10037,2019-08-15,Yes,Yes,Pass
13217,2019-04-09,Yes,Yes,Pass
12987,2019-09-26,Yes,Yes,Pass
13144,2019-04-03,Yes,Yes,Pass
13098,2019-09-04,Yes,No,Fail
11811,2019-01-10,Yes,Yes,Fail
10492,2019-07-18,No,Yes,Fail
13292,2019-04-25,Yes,Yes,Pass
10963,2019-07-20,Yes,Yes,Pass
12850,2019-09-12,Yes,Yes,Pass
10218,2019-08-13,Yes,Yes,Fail
12932,2019-09-10,Yes,Yes,Pass
11278,2019-12-10,Yes,Yes,Pass
10663,2019-07-04,Yes,Yes,Pass
12447,2019-11-21,Yes,Yes,Pass
11513,2019-02-19,Yes,Yes,Pass
10901,2019-07-27,Yes,Yes,Pass
13290,2019-04-30,Yes,Yes,Fail
10753,2019-07-18,Yes,Yes,Pass
10428,2019-07-30,No,Yes,Fail
12066,2019-03-14,Yes,Yes,Fail
10417,2019-07-11,Yes,Yes,Pass
11859,2019-01-17,Yes,Yes,Pass
12734,2019-10-10,Yes,Yes,Pass
12771,2019-10-22,Yes,Yes,Pass
11459,2019-02-14,Yes,Yes,Pass
13338,2019-04-09,Yes,No,Fail
11838,2019-01-17,Yes,Yes,Pass
12655,2019-10-10,Yes,Yes,Pass
12874,2019-09-12,Yes,Yes,Fail
11246,2019-12-03,Yes,Yes,Pass
11835,2019-01-08,Yes,Yes,Fail
11910,2019-03-07,Yes,Yes,Fail
10341,2019-07-18,Yes,Yes,Fail
10903,2019-07-26,Yes,Yes,Pass
10491,2019-07-09,Yes,Yes,Pass
12648,2019-10-08,Yes,Yes,Pass
13198,2019-04-23,Yes,Yes,Pass
10427,2019-07-02,Yes,Yes,Pass
10593,2019-07-30,Yes,Yes,Pass
10036,2019-08-22,Yes,Yes,Fail
11261,2019-12-03,Yes,Yes,Pass
11165,2019-07-27,No,Yes,Fail
12626,2019-10-03,Yes,Yes,Pass
12979,2019-09-26,Yes,Yes,Pass
12081,2019-03-12,Yes,Yes,Pass
10561,2019-07-11,Yes,Yes,Pass
13053,2019-09-18,Yes,Yes,Pass
11587,2019-02-13,Yes,Yes,Pass
13234,2019-04-02,Yes,Yes,Pass
12343,2019-05-21,Yes,Yes,Pass
11085,2019-07-06,Yes,Yes,Pass
12316,2019-05-16,Yes,Yes,Pass
11217,2019-12-05,Yes,Yes,Pass
10317,2019-07-11,Yes,Yes,Pass
12263,2019-05-30,Yes,Yes,Pass
11455,2019-02-20,Yes,Yes,Pass
10509,2019-07-31,Yes,Yes,Pass
12149,2019-05-30,Yes,No,Fail
10066,2019-08-21,No,No,Fail
12372,2019-05-01,Yes,Yes,Fail
11754,2019-01-08,No,Yes,Fail
12403,2019-11-27,Yes,Yes,Pass
10229,2019-08-15,Yes,Yes,Fail
10949,2019-07-06,Yes,Yes,Pass
11298,2019-12-17,Yes,No,Fail
10129,2019-08-28,Yes,Yes,Pass
11733,2019-01-08,Yes,Yes,Pass
11802,2019-01-17,Yes,Yes,Pass
12130,2019-05-23,Yes,Yes,Pass
12220,2019-05-01,Yes,Yes,Pass
11857,2019-01-23,Yes,Yes,Pass
11258,2019-12-04,Yes,Yes,Pass
11315,2019-12-03,Yes,Yes,Fail
11267,2019-12-11,Yes,Yes,Pass
12326,2019-05-01,Yes,Yes,Pass
10088,2019-08-06,Yes,Yes,Pass
12169,2019-05-14,No,Yes,Fail
13360,2019-04-04,Yes,No,Fail
10079,2019-08-29,Yes,Yes,Pass
11220,2019-12-11,Yes,No,Fail
11483,2019-02-21,Yes,Yes,Pass
13047,2019-09-10,Yes,Yes,Pass
10068,2019-08-22,Yes,Yes,Fail
10530,2019-07-02,Yes,Yes,Pass
12254,2019-05-30,Yes,Yes,Pass
10363,2019-07-30,Yes,Yes,Pass
10302,2019-07-18,Yes,Yes,Pass
11470,2019-02-13,Yes,No,Fail
11256,2019-12-11,Yes,No,Fail
13357,2019-04-17,Yes,Yes,Pass
10623,2019-07-06,Yes,No,Fail
12408,2019-11-21,Yes,Yes,Pass
11970,2019-03-19,Yes,No,Fail
11985,2019-03-12,No,Yes,Fail
10325,2019-07-10,No,Yes,Fail
11806,2019-01-23,Yes,No,Fail
12468,2019-11-19,Yes,Yes,Pass
11648,2019-01-22,Yes,Yes,Pass
11376,2019-12-18,Yes,Yes,Pass
12946,2019-09-17,Yes,Yes,Pass
10528,2019-07-03,Yes,Yes,Pass
10232,2019-08-15,No,No,Fail
12432,2019-11-27,Yes,Yes,Pass
12140,2019-05-09,Yes,Yes,Pass
13341,2019-04-17,Yes,Yes,Pass
10951,2019-07-12,Yes,Yes,Pass
12449,2019-11-27,Yes,Yes,Pass
10559,2019-07-18,Yes,Yes,Fail
10633,2019-07-18,Yes,Yes,Fail
10817,2019-07-20,Yes,Yes,Pass
10007,2019-08-22,Yes,Yes,Fail
10401,2019-07-18,Yes,Yes,Fail
10287,2019-08-01,Yes,Yes,Pass
10175,2019-08-06,Yes,Yes,Pass
12980,2019-09-17,Yes,Yes,Fail
12188,2019-05-29,Yes,Yes,Pass
11330,2019-12-05,No,Yes,Fail
11303,2019-12-17,No,No,Fail
12741,2019-10-02,Yes,Yes,Fail
10390,2019-07-04,Yes,Yes,Pass
10245,2019-08-28,Yes,Yes,Pass
10198,2019-08-07,Yes,Yes,Pass
11621,2019-02-26,Yes,Yes,Pass
12717,2019-10-10,Yes,Yes,Pass
11632,2019-02-07,Yes,Yes,Pass
10281,2019-08-15,Yes,No,Fail
12264,2019-05-07,Yes,Yes,Pass
12974,2019-09-17,Yes,Yes,Pass
10147,2019-08-20,Yes,Yes,Pass
11444,2019-02-21,Yes,Yes,Pass
10190,2019-08-14,Yes,Yes,Fail
11059,2019-07-19,No,Yes,Fail
10391,2019-07-16,Yes,Yes,Pass
12121,2019-03-07,Yes,Yes,Pass
13375,2019-04-25,Yes,Yes,Fail
10504,2019-07-30,Yes,Yes,Pass
12984,2019-09-19,Yes,No,Fail
10210,2019-08-22,Yes,Yes,Pass
12540,2019-11-27,Yes,Yes,Pass
12344,2019-05-08,Yes,Yes,Fail
12516,2019-11-13,Yes,Yes,Fail
13093,2019-09-18,Yes,No,Fail
11111,2019-07-18,Yes,Yes,Pass
11273,2019-12-03,Yes,Yes,Pass
11125,2019-07-04,Yes,Yes,Pass
11431,2019-02-14,Yes,Yes,Pass
12789,2019-10-03,Yes,Yes,Pass
11517,2019-02-13,Yes,Yes,Pass
12928,2019-09-17,Yes,Yes,Pass
12159,2019-05-21,Yes,No,Fail
13230,2019-04-17,Yes,Yes,Pass
12528,2019-11-06,Yes,Yes,Pass
11350,2019-12-17,Yes,Yes,Pass
10542,2019-07-16,Yes,Yes,Pass
11691,2019-01-31,Yes,Yes,Fail
13099,2019-09-25,Yes,Yes,Fail
10691,2019-07-13,Yes,Yes,Pass
10819,2019-07-26,Yes,Yes,Fail
11296,2019-12-12,No,No,Fail
10547,2019-07-18,Yes,No,Fail
10337,2019-07-23,Yes,Yes,Pass
10256,2019-08-06,Yes,Yes,Pass
11576,2019-02-21,Yes,Yes,Pass
13311,2019-04-03,Yes,Yes,Pass
12511,2019-11-20,Yes,Yes,Pass
10222,2019-08-28,Yes,Yes,Pass
12821,2019-10-17,Yes,Yes,Pass
12523,2019-11-26,Yes,Yes,Pass
10026,2019-08-15,Yes,Yes,Pass
12141,2019-05-23,No,Yes,Fail
11939,2019-03-21,Yes,Yes,Pass
12319,2019-05-28,Yes,No,Fail
10128,2019-08-01,Yes,Yes,Pass
10711,2019-07-18,Yes,Yes,Pass
13193,2019-04-30,Yes,Yes,Pass
11631,2019-02-06,Yes,Yes,Pass
10545,2019-07-24,Yes,Yes,Pass
13184,2019-04-17,No,Yes,Fail
13152,2019-04-18,Yes,Yes,Pass
10289,2019-08-06,Yes,Yes,Pass
13233,2019-04-09,Yes,Yes,Pass
10329,2019-07-03,Yes,Yes,Pass
12971,2019-09-04,Yes,Yes,Pass
11617,2019-02-20,Yes,Yes,Fail
11553,2019-02-06,Yes,Yes,Pass
11567,2019-02-21,Yes,Yes,Pass
10610,2019-07-31,Yes,Yes,Pass
12776,2019-10-15,Yes,Yes,Pass
13328,2019-04-04,Yes,Yes,Pass
12228,2019-05-23,Yes,Yes,Pass
12938,2019-09-26,Yes,Yes,Pass
13062,2019-09-05,Yes,Yes,Pass
11894,2019-03-28,Yes,Yes,Pass
10791,2019-07-13,Yes,Yes,Pass
11834,2019-01-08,Yes,Yes,Pass
12510,2019-11-19,Yes,Yes,Pass
10589,2019-07-17,Yes,Yes,Fail
12366,2019-05-02,Yes,No,Fail
10159,2019-08-21,Yes,No,Fail
11453,2019-02-27,Yes,Yes,Pass
12358,2019-05-02,Yes,Yes,Pass
11914,2019-03-20,Yes,No,Fail
11071,2019-07-11,Yes,Yes,Pass
12482,2019-11-19,Yes,Yes,Pass
10113,2019-08-15,Yes,Yes,Fail
10975,2019-07-18,Yes,Yes,Pass
11946,2019-03-05,Yes,Yes,Pass
10729,2019-07-12,Yes,Yes,Pass
12962,2019-09-03,Yes,Yes,Pass
11392,2019-02-13,Yes,Yes,Fail
13204,2019-04-02,Yes,Yes,Pass
12525,2019-11-20,Yes,Yes,Pass
11089,2019-07-19,No,Yes,Fail
12005,2019-03-07,Yes,Yes,Pass
11812,2019-01-03,No,Yes,Fail
12835,2019-10-01,Yes,Yes,Pass
11214,2019-12-10,Yes,Yes,Pass
11282,2019-12-18,Yes,Yes,Fail
10169,2019-08-28,No,Yes,Fail
13036,2019-09-04,Yes,Yes,Pass
12802,2019-10-16,Yes,Yes,Pass
11722,2019-01-29,Yes,Yes,Fail
10220,2019-08-08,Yes,Yes,Pass
11820,2019-01-29,Yes,Yes,Pass
10935,2019-07-27,Yes,Yes,Pass
12833,2019-10-15,Yes,Yes,Fail
11240,2019-12-11,Yes,Yes,Pass
10157,2019-08-20,Yes,Yes,Fail
13197,2019-04-03,No,Yes,Fail
11055,2019-07-18,Yes,Yes,Fail
11873,2019-01-30,No,Yes,Fail
10286,2019-08-01,Yes,Yes,Pass
11153,2019-07-27,Yes,Yes,Pass
12087,2019-03-28,Yes,Yes,Pass
10269,2019-08-14,Yes,Yes,Pass
10885,2019-07-26,Yes,Yes,Pass
11589,2019-02-27,Yes,Yes,Pass
13034,2019-09-04,Yes,No,Fail
11686,2019-01-23,Yes,Yes,Pass
11973,2019-03-19,Yes,No,Fail
11445,2019-02-20,Yes,Yes,Fail
12631,2019-10-01,Yes,Yes,Pass
12527,2019-11-19,No,Yes,Fail
12448,2019-11-06,No,Yes,Fail
11690,2019-01-10,Yes,Yes,Pass
10141,2019-08-20,Yes,No,Fail
12673,2019-10-23,Yes,Yes,Fail
11647,2019-02-05,Yes,Yes,Pass
12972,2019-09-10,Yes,Yes,Fail
12959,2019-09-19,Yes,Yes,Pass
12042,2019-03-28,Yes,Yes,Pass
11454,2019-02-06,Yes,Yes,Pass
11630,2019-02-05,Yes,Yes,Pass
11605,2019-02-28,Yes,Yes,Pass
13023,2019-09-05,Yes,Yes,Pass
12675,2019-10-31,Yes,Yes,Pass
10961,2019-07-19,Yes,Yes,Fail
12205,2019-05-01,Yes,No,Fail
11674,2019-01-29,Yes,Yes,Pass
11947,2019-03-13,Yes,Yes,Pass
12630,2019-10-09,Yes,Yes,Pass
10831,2019-07-18,Yes,Yes,Pass
12381,2019-11-20,Yes,Yes,Pass
12533,2019-11-13,Yes,Yes,Pass
10062,2019-08-15,Yes,Yes,Fail
11879,2019-01-22,Yes,Yes,Pass
11357,2019-12-17,Yes,Yes,Pass
12763,2019-10-23,Yes,Yes,Pass
11117,2019-07-04,Yes,Yes,Pass
12184,2019-05-08,No,Yes,Fail
10479,2019-07-18,Yes,Yes,Pass
10053,2019-08-15,Yes,Yes,Pass
13373,2019-04-16,Yes,Yes,Pass
12101,2019-03-12,Yes,No,Fail
12148,2019-05-14,Yes,Yes,Fail
12570,2019-11-27,Yes,Yes,Pass
12285,2019-05-30,Yes,Yes,Pass
11027,2019-07-05,Yes,Yes,Pass
10410,2019-07-03,Yes,Yes,Pass
11375,2019-12-12,Yes,Yes,Pass
13033,2019-09-26,Yes,No,Fail
12611,2019-10-15,Yes,Yes,Pass
10214,2019-08-27,Yes,Yes,Pass
11952,2019-03-28,Yes,Yes,Pass
12393,2019-11-20,Yes,Yes,Pass
13045,2019-09-17,Yes,Yes,Pass
10751,2019-07-18,Yes,Yes,Pass
12463,2019-11-21,Yes,Yes,Fail
12306,2019-05-02,Yes,Yes,Pass
12223,2019-05-30,Yes,Yes,Pass
10647,2019-07-11,Yes,No,Fail
11353,2019-12-10,Yes,Yes,Pass
10032,2019-08-14,Yes,No,Fail
11253,2019-12-11,Yes,Yes,Pass
13179,2019-04-04,Yes,Yes,Pass
10787,2019-07-12,Yes,Yes,Pass
11215,2019-12-17,No,Yes,Fail
12041,2019-03-27,Yes,Yes,Pass
12209,2019-05-21,Yes,Yes,Fail
13194,2019-04-03,Yes,Yes,Pass
10181,2019-08-29,No,Yes,Fail
13122,2019-04-25,Yes,Yes,Pass
12077,2019-03-06,Yes,Yes,Pass
12286,2019-05-21,No,Yes,Fail
12940,2019-09-19,Yes,No,Fail
10785,2019-07-26,No,Yes,Fail
10334,2019-07-11,Yes,Yes,Pass
12490,2019-11-28,Yes,Yes,Pass
10573,2019-07-23,Yes,Yes,Pass
10295,2019-08-07,Yes,Yes,Fail
11792,2019-01-10,Yes,No,Fail
11329,2019-12-12,Yes,Yes,Pass
10426,2019-07-02,Yes,Yes,Pass
13008,2019-09-12,Yes,Yes,Pass
10362,2019-07-02,Yes,Yes,Pass
12601,2019-10-02,Yes,Yes,Fail
10155,2019-08-21,Yes,Yes,Fail
13145,2019-04-02,Yes,Yes,Pass
12788,2019-10-29,Yes,Yes,Fail
12069,2019-03-07,Yes,No,Fail
13252,2019-04-10,Yes,Yes,Pass
12898,2019-09-05,No,Yes,Fail
11511,2019-02-21,Yes,Yes,Pass
13041,2019-09-11,No,Yes,Fail
12881,2019-09-11,Yes,Yes,Pass
11003,2019-07-20,Yes,Yes,Pass
12426,2019-11-13,No,Yes,Fail
12577,2019-11-19,Yes,Yes,Pass
10227,2019-08-13,Yes,Yes,Pass
11244,2019-12-04,Yes,Yes,Pass
10438,2019-07-31,Yes,Yes,Pass
12304,2019-05-21,Yes,Yes,Pass
11299,2019-12-03,Yes,Yes,Pass
11538,2019-02-07,Yes,Yes,Pass
10240,2019-08-21,Yes,Yes,Pass
11888,2019-03-07,Yes,Yes,Pass
12792,2019-10-10,Yes,Yes,Pass
12405,2019-11-05,Yes,Yes,Pass
10162,2019-08-13,Yes,Yes,Pass
12680,2019-10-16,Yes,Yes,Pass
10275,2019-08-14,No,Yes,Fail
13263,2019-04-03,Yes,Yes,Fail
10568,2019-07-09,Yes,Yes,Fail
11344,2019-12-18,Yes,Yes,Fail
12072,2019-03-14,Yes,Yes,Pass
12522,2019-11-05,Yes,Yes,Fail
11573,2019-02-20,Yes,Yes,Pass
11710,2019-01-03,Yes,Yes,Pass
13009,2019-09-19,Yes,Yes,Pass
12526,2019-11-20,Yes,No,Fail
11324,2019-12-05,Yes,Yes,Pass
10535,2019-07-25,Yes,Yes,Pass
11023,2019-07-06,No,No,Fail
10429,2019-07-30,No,Yes,Fail
10570,2019-07-02,Yes,No,Fail
12410,2019-11-27,Yes,Yes,Pass
12651,2019-10-01,Yes,Yes,Pass
10851,2019-07-05,Yes,Yes,Pass
12617,2019-10-16,Yes,Yes,Pass
13128,2019-04-02,No,No,Fail
11242,2019-12-04,Yes,Yes,Pass
12508,2019-11-27,Yes,Yes,Pass
10513,2019-07-24,Yes,Yes,Pass
12268,2019-05-14,Yes,Yes,Pass
11678,2019-01-15,Yes,Yes,Pass
11207,2019-07-20,Yes,Yes,Pass
12035,2019-03-26,No,Yes,Fail
11594,2019-02-19,Yes,Yes,Pass
10771,2019-07-19,Yes,Yes,Pass
12845,2019-10-10,Yes,Yes,Pass
12649,2019-10-10,Yes,No,Fail
11343,2019-12-19,Yes,Yes,Pass
10283,2019-08-29,Yes,Yes,Fail
12167,2019-05-22,Yes,No,Fail
11079,2019-07-26,Yes,No,Fail
11668,2019-01-29,Yes,Yes,Pass
11065,2019-07-05,Yes,Yes,Fail
13119,2019-09-26,Yes,Yes,Pass
10993,2019-07-18,Yes,Yes,Pass
10389,2019-07-30,No,Yes,Fail
12791,2019-10-15,Yes,Yes,Pass
10510,2019-07-25,Yes,Yes,Pass
11608,2019-02-05,Yes,Yes,Pass
12260,2019-05-14,Yes,Yes,Fail
10456,2019-07-03,Yes,Yes,Pass
13015,2019-09-10,Yes,Yes,Pass
10609,2019-07-31,Yes,Yes,Pass
11736,2019-01-16,Yes,Yes,Fail
10615,2019-07-18,Yes,Yes,Fail
11518,2019-02-14,Yes,Yes,Pass
12382,2019-11-13,Yes,Yes,Pass
10841,2019-07-06,No,Yes,Fail
10327,2019-07-09,Yes,Yes,Pass
11884,2019-03-06,Yes,Yes,Pass
12999,2019-09-17,Yes,Yes,Pass
12427,2019-11-27,No,Yes,Fail
10006,2019-08-14,Yes,Yes,Fail
10300,2019-08-15,Yes,Yes,Pass
12887,2019-09-05,Yes,Yes,Pass
12025,2019-03-20,Yes,Yes,Pass
13178,2019-04-09,Yes,Yes,Pass
10889,2019-07-06,Yes,Yes,Pass
11075,2019-07-20,Yes,Yes,Fail
11885,2019-03-28,Yes,Yes,Pass
11057,2019-07-26,Yes,Yes,Pass
13215,2019-04-30,Yes,Yes,Pass
10463,2019-07-25,Yes,Yes,Pass
11625,2019-02-27,Yes,Yes,Pass
11255,2019-12-11,No,Yes,Fail
10192,2019-08-22,Yes,Yes,Fail
10125,2019-08-01,Yes,No,Fail
10156,2019-08-15,Yes,Yes,Pass
10877,2019-07-18,Yes,Yes,Pass
11957,2019-03-14,Yes,Yes,Fail
12363,2019-05-01,No,No,Fail
12654,2019-10-15,Yes,No,Fail
10211,2019-08-28,Yes,No,Fail
12337,2019-05-29,Yes,Yes,Fail
11707,2019-01-16,Yes,Yes,Pass
11903,2019-03-20,Yes,Yes,Pass
12824,2019-10-02,Yes,No,Fail
13176,2019-04-16,Yes,Yes,Pass
11880,2019-01-16,Yes,Yes,Pass
11051,2019-07-12,Yes,Yes,Pass
11619,2019-02-06,Yes,Yes,Pass
11181,2019-07-25,Yes,Yes,Pass
10477,2019-07-17,Yes,Yes,Fail
10296,2019-08-28,No,Yes,Fail
11695,2019-01-31,Yes,Yes,Fail
11850,2019-01-24,No,Yes,Fail
12774,2019-10-15,Yes,Yes,Pass
11339,2019-12-18,Yes,Yes,Pass
12897,2019-09-17,Yes,Yes,Pass
12151,2019-05-21,Yes,Yes,Pass
10423,2019-07-31,Yes,Yes,Pass
12515,2019-11-07,Yes,No,Fail
12779,2019-10-15,Yes,Yes,Pass
11447,2019-02-28,Yes,Yes,Pass
11672,2019-01-02,Yes,Yes,Pass
10629,2019-07-05,Yes,No,Fail
12600,2019-10-30,Yes,Yes,Pass
12078,2019-03-27,Yes,Yes,Pass
12012,2019-03-20,Yes,Yes,Pass
10205,2019-08-06,Yes,No,Fail
11954,2019-03-26,No,Yes,Fail
10409,2019-07-02,Yes,Yes,Pass
11203,2019-07-13,Yes,Yes,Fail
12407,2019-11-07,Yes,Yes,Fail
11751,2019-01-30,Yes,Yes,Pass
11493,2019-02-05,Yes,Yes,Pass
13257,2019-04-04,Yes,Yes,Pass
12899,2019-09-10,No,Yes,Fail
11696,2019-01-08,Yes,Yes,Fail
12346,2019-05-29,Yes,Yes,Fail
12147,2019-05-23,Yes,Yes,Pass
10480,2019-07-10,Yes,Yes,Pass
12299,2019-05-15,Yes,Yes,Pass
11975,2019-03-13,Yes,Yes,Pass
12907,2019-09-03,Yes,Yes,Pass
12869,2019-09-19,Yes,Yes,Fail
12612,2019-10-23,Yes,Yes,Pass
12032,2019-03-07,Yes,Yes,Fail
12238,2019-05-21,Yes,Yes,Pass
13241,2019-04-23,Yes,Yes,Pass
12239,2019-05-14,Yes,Yes,Pass
13312,2019-04-24,Yes,Yes,Pass
11123,2019-07-18,Yes,Yes,Pass
12051,2019-03-19,Yes,Yes,Pass
11306,2019-12-04,Yes,No,Fail
10441,2019-07-18,Yes,Yes,Pass
13020,2019-09-11,Yes,Yes,Pass
11313,2019-12-18,Yes,Yes,Pass
12352,2019-05-21,Yes,Yes,Pass
11698,2019-01-10,Yes,Yes,Pass
12712,2019-10-30,Yes,Yes,Fail
11718,2019-01-23,Yes,Yes,Pass
11950,2019-03-27,Yes,No,Fail
13305,2019-04-04,Yes,Yes,Pass
12163,2019-05-29,Yes,No,Fail
10058,2019-08-27,Yes,Yes,Pass
10591,2019-07-09,Yes,Yes,Fail
13160,2019-04-16,Yes,Yes,Pass
11185,2019-07-06,Yes,Yes,Fail
10937,2019-07-13,Yes,Yes,Fail
12781,2019-10-02,Yes,Yes,Fail
12829,2019-10-15,Yes,Yes,Fail
12587,2019-11-27,Yes,Yes,Pass
10445,2019-07-04,Yes,Yes,Pass
11035,2019-07-18,Yes,Yes,Pass
12368,2019-05-29,Yes,Yes,Pass
10103,2019-08-08,Yes,Yes,Pass
11466,2019-02-20,Yes,No,Fail
10304,2019-07-10,Yes,Yes,Fail
13105,2019-09-11,Yes,Yes,Fail
12963,2019-09-25,Yes,Yes,Pass
12266,2019-05-08,Yes,Yes,Pass
11866,2019-01-31,Yes,Yes,Pass
11349,2019-12-04,Yes,Yes,Pass
12978,2019-09-05,No,Yes,Fail
13327,2019-04-10,Yes,Yes,Fail
12917,2019-09-17,No,Yes,Fail
11761,2019-01-03,No,Yes,Fail
11348,2019-12-12,Yes,Yes,Pass
12321,2019-05-02,Yes,Yes,Pass
11099,2019-07-27,No,Yes,Fail
13330,2019-04-25,Yes,Yes,Fail
12666,2019-10-16,Yes,Yes,Pass
13104,2019-09-18,Yes,Yes,Pass
11461,2019-02-26,Yes,Yes,Fail
12737,2019-10-08,Yes,No,Fail
13240,2019-04-04,Yes,Yes,Fail
10031,2019-08-01,Yes,Yes,Pass
12079,2019-03-05,Yes,Yes,Fail
11252,2019-12-05,Yes,No,Fail
10231,2019-08-01,Yes,Yes,Pass
13137,2019-04-09,Yes,Yes,Fail
10265,2019-08-01,Yes,Yes,Pass
12870,2019-09-18,Yes,No,Fail
11927,2019-03-13,No,Yes,Fail
12553,2019-11-07,Yes,Yes,Pass
12716,2019-10-29,No,Yes,Fail
10406,2019-07-18,Yes,No,Fail
10366,2019-07-02,Yes,Yes,Pass
10177,2019-08-07,Yes,Yes,Pass
12830,2019-10-17,Yes,Yes,Pass
11810,2019-01-30,Yes,Yes,Pass
10278,2019-08-21,Yes,Yes,Pass
10282,2019-08-08,Yes,Yes,Pass
12336,2019-05-15,Yes,Yes,Pass
10230,2019-08-22,Yes,Yes,Pass
11504,2019-02-21,Yes,Yes,Pass
12302,2019-05-30,Yes,Yes,Pass
11693,2019-01-31,Yes,Yes,Pass
12470,2019-11-20,Yes,Yes,Pass
10133,2019-08-13,Yes,Yes,Pass
10925,2019-07-20,No,Yes,Fail
11105,2019-07-27,Yes,Yes,Pass
10486,2019-07-03,Yes,No,Fail
11593,2019-02-07,Yes,Yes,Pass
12095,2019-03-13,Yes,Yes,Fail
10865,2019-07-11,No,Yes,Fail
13223,2019-04-23,Yes,Yes,Pass
11714,2019-01-15,Yes,Yes,Pass
11135,2019-07-19,Yes,Yes,Fail
10043,2019-08-15,No,Yes,Fail
10569,2019-07-24,Yes,Yes,Pass
12784,2019-10-30,Yes,Yes,Pass
10747,2019-07-11,No,Yes,Fail
10124,2019-08-27,Yes,Yes,Pass
11640,2019-02-05,Yes,Yes,Pass
12241,2019-05-29,Yes,Yes,Pass
12085,2019-03-19,Yes,Yes,Fail
13362,2019-04-16,Yes,Yes,Pass
10279,2019-08-29,Yes,Yes,Pass
12931,2019-09-11,Yes,Yes,Pass
13286,2019-04-16,Yes,Yes,Pass
11507,2019-02-12,Yes,Yes,Pass
12659,2019-10-17,Yes,Yes,Pass
13042,2019-09-18,Yes,No,Fail
12983,2019-09-24,No,Yes,Fail
12171,2019-05-15,Yes,Yes,Fail
11481,2019-02-13,Yes,Yes,Pass
11948,2019-03-06,Yes,Yes,Pass
11159,2019-07-05,No,Yes,Fail
12593,2019-10-08,Yes,Yes,Pass
11236,2019-12-12,Yes,Yes,Pass
10191,2019-08-27,Yes,Yes,Pass
10703,2019-07-27,Yes,Yes,Pass
12836,2019-10-09,Yes,Yes,Pass
12955,2019-09-05,Yes,Yes,Pass
13026,2019-09-24,Yes,Yes,Fail
11314,2019-12-11,Yes,Yes,Pass
10126,2019-08-20,Yes,Yes,Pass
10308,2019-07-16,No,Yes,Fail
10863,2019-07-11,Yes,Yes,Pass
12353,2019-05-29,Yes,Yes,Pass
12459,2019-11-28,Yes,Yes,Pass
10354,2019-07-23,Yes,Yes,Pass
12193,2019-05-01,Yes,Yes,Pass
10249,2019-08-15,Yes,Yes,Pass
10449,2019-07-04,Yes,Yes,Fail
12878,2019-09-18,Yes,Yes,Pass
12985,2019-09-24,Yes,Yes,Pass
12828,2019-10-09,Yes,Yes,Pass
12011,2019-03-12,Yes,Yes,Pass
10745,2019-07-12,Yes,Yes,Pass
12694,2019-10-15,Yes,Yes,Pass
10433,2019-07-18,Yes,Yes,Pass
11362,2019-12-11,Yes,Yes,Pass
13214,2019-04-30,Yes,Yes,Pass
13077,2019-09-05,Yes,Yes,Pass
11697,2019-01-15,Yes,Yes,Pass
10464,2019-07-09,Yes,Yes,Pass
12864,2019-09-18,Yes,Yes,Pass
12379,2019-11-14,Yes,Yes,Pass
13212,2019-04-25,Yes,No,Fail
12941,2019-09-11,Yes,Yes,Pass
10262,2019-08-15,Yes,No,Fail
12851,2019-09-19,Yes,Yes,Pass
10065,2019-08-22,No,Yes,Fail
12217,2019-05-07,Yes,Yes,Pass
12933,2019-09-24,Yes,Yes,Pass
11352,2019-12-19,Yes,Yes,Pass
10917,2019-07-11,Yes,Yes,Fail
10421,2019-07-10,Yes,Yes,Fail
12089,2019-03-26,Yes,Yes,Fail
11853,2019-01-16,Yes,Yes,Pass
12783,2019-10-17,Yes,Yes,Pass
12635,2019-10-10,Yes,Yes,Pass
12768,2019-10-17,Yes,Yes,Pass
10030,2019-08-06,Yes,Yes,Pass
10537,2019-07-02,Yes,Yes,Pass
12697,2019-10-17,Yes,Yes,Pass
12860,2019-09-17,Yes,No,Fail
11596,2019-02-12,Yes,No,Fail
10437,2019-07-02,No,Yes,Fail
10179,2019-08-22,Yes,Yes,Pass
10083,2019-08-21,Yes,Yes,Pass
12847,2019-09-04,Yes,Yes,Pass
11143,2019-07-27,No,Yes,Fail
10536,2019-07-09,Yes,Yes,Fail
13019,2019-09-24,Yes,Yes,Fail
10121,2019-08-14,Yes,Yes,Fail
12058,2019-03-28,Yes,Yes,Fail
12441,2019-11-20,No,Yes,Fail
10077,2019-08-29,Yes,Yes,Fail
12773,2019-10-17,Yes,No,Fail
10514,2019-07-04,Yes,Yes,Fail
12021,2019-03-06,No,No,Fail
11578,2019-02-26,Yes,Yes,Pass
11600,2019-02-14,Yes,Yes,Pass
10403,2019-07-02,Yes,Yes,Pass
11245,2019-12-17,Yes,No,Fail
10797,2019-07-05,Yes,Yes,Pass
10543,2019-07-30,Yes,Yes,Pass
13258,2019-04-10,Yes,Yes,Pass
11300,2019-12-11,Yes,Yes,Fail
10553,2019-07-09,Yes,Yes,Pass
12136,2019-05-08,Yes,Yes,Pass
10018,2019-08-28,No,Yes,Fail
13135,2019-04-30,No,Yes,Fail
11646,2019-02-28,Yes,Yes,Pass
12512,2019-11-07,Yes,Yes,Pass
11580,2019-02-26,Yes,Yes,Pass
10015,2019-08-07,Yes,Yes,Pass
11377,2019-12-17,Yes,Yes,Pass
11681,2019-01-08,Yes,Yes,Pass
12499,2019-11-07,Yes,Yes,Fail
10048,2019-08-07,Yes,Yes,Pass
10003,2019-08-22,Yes,Yes,Pass
12912,2019-09-25,Yes,Yes,Fail
11883,2019-03-12,Yes,Yes,Pass
11131,2019-07-27,Yes,Yes,Fail
11586,2019-02-13,Yes,Yes,Pass
11262,2019-12-11,Yes,Yes,Pass
10333,2019-07-17,Yes,Yes,Fail
11384,2019-12-05,Yes,Yes,Pass
12534,2019-11-07,Yes,Yes,Pass
12693,2019-10-22,Yes,Yes,Fail
11963,2019-03-05,Yes,Yes,Pass
11966,2019-03-19,Yes,Yes,Pass
12000,2019-03-06,Yes,Yes,Pass
12091,2019-03-13,Yes,Yes,Pass
12990,2019-09-11,Yes,Yes,Pass
13211,2019-04-30,Yes,Yes,Fail
12485,2019-11-21,Yes,Yes,Pass
10911,2019-07-18,No,Yes,Fail
13031,2019-09-17,Yes,Yes,Pass
11597,2019-02-28,No,Yes,Fail
11555,2019-02-19,Yes,Yes,Fail
11915,2019-03-19,Yes,Yes,Pass
11378,2019-12-10,Yes,Yes,Pass
11083,2019-07-04,Yes,Yes,Pass
10324,2019-07-24,Yes,Yes,Pass
11383,2019-12-11,Yes,Yes,Pass
12825,2019-10-16,Yes,Yes,Pass
13054,2019-09-12,Yes,Yes,Pass
12386,2019-11-21,Yes,Yes,Fail
12687,2019-10-22,Yes,Yes,Pass
13287,2019-04-23,Yes,Yes,Pass
13278,2019-04-18,Yes,Yes,Fail
10835,2019-07-06,Yes,Yes,Pass
10347,2019-07-23,Yes,Yes,Fail
10507,2019-07-16,Yes,Yes,Pass
10070,2019-08-21,Yes,Yes,Fail
11472,2019-02-14,Yes,Yes,Pass
11509,2019-02-19,Yes,Yes,Pass
11998,2019-03-27,Yes,Yes,Fail
12998,2019-09-11,Yes,Yes,Pass
10795,2019-07-04,Yes,Yes,Pass
10522,2019-07-31,Yes,Yes,Pass
12586,2019-11-05,Yes,Yes,Pass
12766,2019-10-16,Yes,Yes,Pass
12911,2019-09-25,Yes,Yes,Pass
11572,2019-02-19,Yes,Yes,Fail
11655,2019-01-15,Yes,Yes,Pass
12722,2019-10-29,Yes,Yes,Pass
10839,2019-07-20,Yes,Yes,Pass
12327,2019-05-22,Yes,Yes,Pass
13274,2019-04-25,Yes,Yes,Fail
10369,2019-07-30,Yes,Yes,Pass
12105,2019-03-26,No,Yes,Fail
12435,2019-11-13,Yes,Yes,Pass
11577,2019-02-05,Yes,Yes,Pass
10081,2019-08-15,Yes,Yes,Pass
10387,2019-07-17,Yes,Yes,Fail
13218,2019-04-03,Yes,Yes,Pass
11743,2019-01-02,Yes,Yes,Fail
12235,2019-05-14,Yes,Yes,Fail
12506,2019-11-26,Yes,Yes,Pass
12795,2019-10-16,Yes,Yes,Pass
10134,2019-08-21,Yes,Yes,Pass
12757,2019-10-16,No,Yes,Fail
13092,2019-09-24,Yes,Yes,Pass
10422,2019-07-30,Yes,No,Fail
13115,2019-09-04,Yes,Yes,Pass
11420,2019-02-07,Yes,No,Fail
12295,2019-05-07,Yes,Yes,Pass
13300,2019-04-10,Yes,Yes,Fail
10017,2019-08-14,Yes,No,Fail
10250,2019-08-06,Yes,No,Fail
12904,2019-09-19,Yes,Yes,Pass
12947,2019-09-18,Yes,No,Fail
11005,2019-07-20,Yes,Yes,Pass
11318,2019-12-19,Yes,Yes,Pass
13276,2019-04-03,Yes,Yes,Pass
11456,2019-02-27,Yes,Yes,Pass
13082,2019-09-04,Yes,Yes,Pass
12556,2019-11-20,Yes,Yes,Pass
11978,2019-03-28,Yes,No,Fail
11664,2019-01-09,No,Yes,Fail
13101,2019-09-26,Yes,Yes,Pass
13367,2019-04-25,Yes,Yes,Fail
11093,2019-07-26,Yes,No,Fail
11610,2019-02-12,Yes,Yes,Pass
11354,2019-12-12,Yes,Yes,Fail
10639,2019-07-13,Yes,No,Fail
11342,2019-12-19,Yes,Yes,Pass
11335,2019-12-04,Yes,Yes,Fail
12111,2019-03-20,Yes,Yes,Pass
10533,2019-07-11,No,Yes,Fail
10208,2019-08-21,Yes,Yes,Pass
12629,2019-10-08,Yes,Yes,Pass
12922,2019-09-10,Yes,Yes,Pass
13094,2019-09-04,Yes,Yes,Pass
12691,2019-10-08,Yes,Yes,Pass
12006,2019-03-12,Yes,Yes,Pass
12531,2019-11-13,Yes,Yes,Pass
12259,2019-05-08,Yes,No,Fail
10991,2019-07-11,Yes,Yes,Fail
12755,2019-10-02,No,Yes,Fail
10346,2019-07-04,No,Yes,Fail
12395,2019-11-20,Yes,Yes,Pass
12233,2019-05-23,Yes,No,Fail
12628,2019-10-17,Yes,Yes,Pass
11999,2019-03-19,Yes,Yes,Pass
10494,2019-07-17,Yes,Yes,Pass
12500,2019-11-12,Yes,No,Fail
10608,2019-07-25,Yes,Yes,Pass
11285,2019-12-19,Yes,Yes,Fail
11606,2019-02-14,Yes,Yes,Pass
12397,2019-11-05,No,Yes,Fail
12015,2019-03-19,No,Yes,Fail
12838,2019-10-17,No,Yes,Fail
11937,2019-03-28,Yes,Yes,Pass
11546,2019-02-13,Yes,Yes,Pass
11462,2019-02-05,Yes,Yes,Pass
12688,2019-10-17,Yes,Yes,Pass
11279,2019-12-19,Yes,Yes,Pass
12634,2019-10-31,Yes,Yes,Pass
10035,2019-08-14,Yes,Yes,Pass
10350,2019-07-04,Yes,No,Fail
10707,2019-07-25,Yes,Yes,Pass
10106,2019-08-28,Yes,Yes,Fail
11417,2019-02-07,Yes,No,Fail
12703,2019-10-01,Yes,No,Fail
12545,2019-11-13,Yes,Yes,Pass
11526,2019-02-14,Yes,No,Fail
10244,2019-08-20,Yes,Yes,Pass
11007,2019-07-19,Yes,Yes,Pass
12664,2019-10-24,Yes,Yes,Pass
10319,2019-07-16,Yes,No,Fail
11081,2019-07-20,Yes,Yes,Pass
11895,2019-03-20,Yes,Yes,Fail
11874,2019-01-22,Yes,Yes,Pass
12580,2019-11-05,Yes,No,Fail
11025,2019-07-04,No,Yes,Fail
11713,2019-01-03,Yes,No,Fail
11921,2019-03-06,Yes,Yes,Pass
11283,2019-12-12,Yes,Yes,Pass
12144,2019-05-07,Yes,Yes,Pass
12249,2019-05-22,Yes,Yes,Fail
12211,2019-05-29,No,Yes,Fail
11468,2019-02-14,Yes,Yes,Fail
10351,2019-07-17,Yes,Yes,Pass
11616,2019-02-05,Yes,Yes,Fail
11598,2019-02-05,Yes,No,Fail
11266,2019-12-04,Yes,Yes,Pass
11338,2019-12-10,Yes,Yes,Pass
11382,2019-12-03,Yes,No,Fail
11908,2019-03-27,Yes,Yes,Pass
12735,2019-10-03,Yes,No,Fail
11409,2019-02-20,No,Yes,Fail
12623,2019-10-03,Yes,Yes,Pass
10667,2019-07-06,Yes,No,Fail
12865,2019-09-12,Yes,Yes,Pass
10285,2019-08-29,Yes,Yes,Fail
12481,2019-11-20,Yes,Yes,Pass
12756,2019-10-01,Yes,Yes,Pass
10777,2019-07-19,No,Yes,Fail
13359,2019-04-25,Yes,Yes,Fail
12895,2019-09-26,Yes,Yes,Pass
12202,2019-05-07,Yes,Yes,Pass
12357,2019-05-16,No,Yes,Fail
11351,2019-12-10,Yes,Yes,Pass
12433,2019-11-28,Yes,Yes,Pass
11277,2019-12-03,Yes,Yes,Pass
12965,2019-09-17,Yes,Yes,Pass
12892,2019-09-11,Yes,Yes,Pass
11308,2019-12-03,Yes,Yes,Fail
10336,2019-07-09,Yes,No,Fail
10909,2019-07-20,Yes,Yes,Pass
11548,2019-02-20,Yes,Yes,Pass
11694,2019-01-03,Yes,Yes,Pass
11297,2019-12-05,Yes,Yes,Pass
12714,2019-10-30,Yes,Yes,Pass
13279,2019-04-24,Yes,Yes,Pass
11427,2019-02-21,Yes,Yes,Pass
12595,2019-10-23,Yes,Yes,Pass
12152,2019-05-29,Yes,Yes,Pass
11728,2019-01-22,Yes,Yes,Pass
10499,2019-07-11,Yes,Yes,Pass
10086,2019-08-01,No,Yes,Fail
10394,2019-07-16,Yes,Yes,Pass
13267,2019-04-11,Yes,Yes,Fail
11151,2019-07-11,Yes,Yes,Pass
11821,2019-01-08,Yes,Yes,Fail
12052,2019-03-12,Yes,Yes,Pass
11700,2019-01-24,Yes,Yes,Fail
12230,2019-05-07,Yes,Yes,Pass
11727,2019-01-30,No,Yes,Fail
13195,2019-04-09,No,Yes,Fail
11899,2019-03-27,Yes,Yes,Pass
10743,2019-07-25,Yes,Yes,Pass
10313,2019-07-24,Yes,Yes,Pass
11716,2019-01-10,Yes,Yes,Pass
10490,2019-07-02,Yes,Yes,Pass
11904,2019-03-27,Yes,Yes,Pass
12033,2019-03-05,Yes,Yes,Pass
12113,2019-03-20,Yes,Yes,Pass
12417,2019-11-05,Yes,Yes,Fail
10845,2019-07-04,Yes,Yes,Pass
11413,2019-02-26,Yes,Yes,Pass
12536,2019-11-28,Yes,Yes,Pass
12075,2019-03-14,Yes,Yes,Fail
10096,2019-08-29,Yes,No,Fail
10705,2019-07-05,Yes,No,Fail
10596,2019-07-10,Yes,Yes,Pass
13066,2019-09-11,Yes,Yes,Pass
13169,2019-04-25,Yes,No,Fail
12592,2019-11-05,Yes,Yes,Pass
12203,2019-05-07,Yes,Yes,Pass
11368,2019-12-11,No,No,Fail
12229,2019-05-22,Yes,Yes,Fail
10349,2019-07-18,Yes,Yes,Fail
11069,2019-07-26,Yes,No,Fail
13072,2019-09-19,Yes,Yes,Pass
12559,2019-11-05,Yes,Yes,Fail
12376,2019-11-13,Yes,Yes,Pass
13322,2019-04-04,Yes,Yes,Pass
12059,2019-03-13,Yes,Yes,Pass
12806,2019-10-16,No,Yes,Fail
10398,2019-07-04,Yes,Yes,Pass
11935,2019-03-05,Yes,No,Fail
10967,2019-07-20,Yes,Yes,Pass
11410,2019-02-05,Yes,Yes,Fail
12070,2019-03-07,Yes,Yes,Pass
12246,2019-05-07,Yes,No,Fail
10580,2019-07-11,Yes,Yes,Pass
12278,2019-05-22,Yes,Yes,Pass
12719,2019-10-02,Yes,Yes,Fail
12834,2019-10-02,No,Yes,Fail
11599,2019-02-26,Yes,Yes,Pass
10064,2019-08-13,Yes,Yes,Pass
11506,2019-02-13,Yes,Yes,Pass
11932,2019-03-19,Yes,Yes,Pass
12548,2019-11-26,Yes,Yes,Pass
10184,2019-08-08,Yes,Yes,Pass
11643,2019-02-20,Yes,Yes,Pass
11783,2019-01-29,No,Yes,Fail
13171,2019-04-04,Yes,Yes,Pass
11611,2019-02-07,Yes,Yes,Pass
10444,2019-07-31,Yes,Yes,Pass
11847,2019-01-09,Yes,No,Fail
11436,2019-02-06,Yes,Yes,Fail
13363,2019-04-24,Yes,Yes,Pass
13010,2019-09-10,Yes,Yes,Pass
12234,2019-05-15,Yes,Yes,Pass
11615,2019-02-19,Yes,No,Fail
12469,2019-11-07,Yes,No,Fail
11755,2019-01-16,Yes,No,Fail
12394,2019-11-05,Yes,Yes,Pass
12003,2019-03-12,Yes,Yes,Pass
11753,2019-01-16,Yes,Yes,Pass
12272,2019-05-15,Yes,Yes,Pass
12402,2019-11-28,Yes,Yes,Pass
10093,2019-08-20,No,Yes,Fail
12385,2019-11-13,Yes,No,Fail
11845,2019-01-22,No,Yes,Fail
11543,2019-02-28,Yes,Yes,Pass
11943,2019-03-27,Yes,Yes,Pass
12725,2019-10-24,Yes,Yes,Pass
10927,2019-07-05,Yes,Yes,Fail
12176,2019-05-23,Yes,Yes,Pass
10010,2019-08-21,Yes,Yes,Pass
11912,2019-03-26,No,Yes,Fail
12197,2019-05-30,No,Yes,Fail
11877,2019-01-29,Yes,Yes,Pass
13172,2019-04-03,Yes,Yes,Pass
12045,2019-03-06,Yes,Yes,Pass
10138,2019-08-14,Yes,Yes,Pass
12310,2019-05-21,Yes,Yes,Fail
12088,2019-03-06,Yes,Yes,Pass
12084,2019-03-19,Yes,Yes,Pass
11823,2019-01-17,Yes,No,Fail
10215,2019-08-29,Yes,Yes,Pass
12994,2019-09-24,Yes,Yes,Pass
12544,2019-11-27,Yes,Yes,Pass
11346,2019-12-12,Yes,Yes,Pass
10107,2019-08-22,No,Yes,Fail
11484,2019-02-26,Yes,Yes,Pass
10110,2019-08-06,No,Yes,Fail
10144,2019-08-06,Yes,Yes,Pass
10717,2019-07-18,Yes,Yes,Pass
11797,2019-01-17,Yes,Yes,Pass
11443,2019-02-14,Yes,Yes,Pass
11291,2019-12-17,Yes,Yes,Pass
11878,2019-01-31,Yes,Yes,Pass
12329,2019-05-16,Yes,Yes,Pass
11019,2019-07-13,Yes,Yes,Pass
11341,2019-12-12,Yes,Yes,Pass
12995,2019-09-25,Yes,Yes,Pass
11476,2019-02-12,Yes,No,Fail
11223,2019-12-12,Yes,Yes,Pass
11013,2019-07-06,Yes,Yes,Pass
12952,2019-09-11,Yes,Yes,Pass
12569,2019-11-26,Yes,Yes,Pass
13228,2019-04-17,Yes,Yes,Fail
11387,2019-12-05,Yes,Yes,Pass
10052,2019-08-01,Yes,Yes,Pass
11390,2019-12-04,Yes,Yes,Pass
12752,2019-10-08,Yes,Yes,Pass
12422,2019-11-26,Yes,Yes,Pass
12852,2019-09-18,Yes,Yes,Pass
11809,2019-01-03,Yes,Yes,Pass
12339,2019-05-02,Yes,No,Fail
12224,2019-05-02,Yes,Yes,Fail
13326,2019-04-10,Yes,Yes,Pass
13321,2019-04-23,Yes,Yes,Fail
11426,2019-02-27,Yes,Yes,Pass
12684,2019-10-01,Yes,Yes,Pass
10749,2019-07-18,Yes,No,Fail
11699,2019-01-22,Yes,Yes,Fail
11317,2019-12-17,Yes,Yes,Pass
10122,2019-08-15,Yes,Yes,Pass
12736,2019-10-29,Yes,Yes,Pass
11045,2019-07-11,Yes,Yes,Pass
12767,2019-10-22,Yes,Yes,Fail
10355,2019-07-25,No,No,Fail
10653,2019-07-25,Yes,Yes,Fail
10775,2019-07-06,Yes,Yes,Pass
12049,2019-03-06,Yes,Yes,Pass
11434,2019-02-27,Yes,Yes,Fail
12097,2019-03-28,Yes,Yes,Pass
12333,2019-05-09,Yes,Yes,Pass
12966,2019-09-10,Yes,No,Fail
11331,2019-12-19,Yes,Yes,Pass
13369,2019-04-17,Yes,Yes,Fail
11682,2019-01-16,Yes,Yes,Pass
12730,2019-10-03,Yes,Yes,Pass
10512,2019-07-16,Yes,Yes,Fail
13309,2019-04-17,Yes,Yes,Pass
13188,2019-04-02,Yes,Yes,Pass
12840,2019-10-30,Yes,No,Fail
12175,2019-05-28,Yes,Yes,Fail
10604,2019-07-10,Yes,Yes,Fail
10645,2019-07-05,Yes,Yes,Pass
11366,2019-12-04,Yes,Yes,Fail
12253,2019-05-02,Yes,Yes,Pass
12903,2019-09-18,Yes,Yes,Pass
10301,2019-08-14,Yes,Yes,Fail
11684,2019-01-10,Yes,Yes,Fail
11322,2019-12-10,Yes,Yes,Pass
10807,2019-07-13,Yes,Yes,Pass
12619,2019-10-02,Yes,Yes,Pass
11848,2019-01-15,Yes,Yes,Pass
13288,2019-04-17,Yes,Yes,Pass
13051,2019-09-25,Yes,Yes,Pass
11886,2019-03-21,Yes,Yes,Pass
13289,2019-04-24,Yes,Yes,Pass
11275,2019-12-19,Yes,No,Fail
13298,2019-04-10,Yes,No,Fail
12282,2019-05-07,No,Yes,Fail
12237,2019-05-09,Yes,Yes,Pass
11531,2019-02-06,Yes,Yes,Pass
11356,2019-12-03,Yes,Yes,Pass
11380,2019-12-18,Yes,Yes,Pass
11763,2019-01-16,Yes,Yes,Pass
11292,2019-12-04,Yes,Yes,Pass
10127,2019-08-27,Yes,Yes,Pass
13310,2019-04-23,Yes,Yes,Pass
11808,2019-01-03,Yes,Yes,Fail
12891,2019-09-18,Yes,Yes,Pass
11393,2019-02-19,Yes,Yes,Pass
12749,2019-10-31,Yes,Yes,Pass
11764,2019-01-29,No,Yes,Fail
11803,2019-01-24,Yes,Yes,Fail
12373,2019-05-01,Yes,Yes,Pass
11960,2019-03-06,Yes,Yes,Pass
11933,2019-03-20,Yes,Yes,Pass
10009,2019-08-29,Yes,Yes,Fail
10719,2019-07-20,Yes,Yes,Pass
12206,2019-05-23,Yes,Yes,Pass
13256,2019-04-04,No,Yes,Fail
10606,2019-07-04,Yes,Yes,Pass
13272,2019-04-18,Yes,Yes,Pass
13189,2019-04-30,Yes,Yes,Pass
11304,2019-12-18,Yes,No,Fail
11271,2019-12-10,Yes,Yes,Pass
10130,2019-08-28,Yes,Yes,Pass
13067,2019-09-11,Yes,Yes,Fail
12582,2019-11-05,Yes,Yes,Pass
11893,2019-03-12,Yes,Yes,Pass
11747,2019-01-02,Yes,Yes,Fail
12128,2019-05-28,Yes,Yes,Pass
11101,2019-07-04,Yes,Yes,Pass
10359,2019-07-30,Yes,Yes,Pass
11474,2019-02-19,Yes,Yes,Pass
12423,2019-11-20,Yes,Yes,Pass
12364,2019-05-29,Yes,Yes,Pass
11993,2019-03-06,Yes,Yes,Pass
10019,2019-08-07,Yes,Yes,Pass
10587,2019-07-17,No,Yes,Fail
11201,2019-07-05,Yes,Yes,Pass
12679,2019-10-23,Yes,Yes,Fail
13247,2019-04-24,Yes,Yes,Pass
10432,2019-07-03,Yes,Yes,Pass
12645,2019-10-22,Yes,Yes,Pass
13148,2019-04-24,Yes,Yes,Pass
12764,2019-10-22,No,Yes,Fail
12341,2019-05-29,Yes,Yes,Pass
12807,2019-10-03,Yes,Yes,Pass
12420,2019-11-12,Yes,Yes,Pass
11929,2019-03-07,Yes,No,Fail
12315,2019-05-16,Yes,Yes,Pass
10197,2019-08-08,Yes,Yes,Pass
10741,2019-07-18,Yes,Yes,Pass
13046,2019-09-11,Yes,Yes,Fail
11371,2019-12-18,Yes,Yes,Pass
12627,2019-10-29,No,Yes,Fail
10402,2019-07-04,Yes,Yes,Pass
11889,2019-03-19,Yes,Yes,Pass
11421,2019-02-27,Yes,Yes,Pass
10094,2019-08-08,Yes,Yes,Pass
12332,2019-05-14,Yes,Yes,Pass
11532,2019-02-26,Yes,Yes,Pass
13078,2019-09-26,Yes,Yes,Fail
13085,2019-09-26,Yes,Yes,Pass
11494,2019-02-13,Yes,Yes,Pass
11412,2019-02-07,Yes,Yes,Pass
11726,2019-01-02,Yes,Yes,Pass
13304,2019-04-30,Yes,Yes,Fail
10857,2019-07-06,Yes,Yes,Pass
12520,2019-11-20,Yes,Yes,Fail
11224,2019-12-18,Yes,Yes,Pass
13232,2019-04-24,No,Yes,Fail
12856,2019-09-04,Yes,Yes,Pass
13203,2019-04-18,Yes,Yes,Pass
11717,2019-01-23,Yes,Yes,Pass
10405,2019-07-11,Yes,Yes,Pass
10097,2019-08-13,Yes,Yes,Pass
11819,2019-01-30,Yes,Yes,Pass
11569,2019-02-19,Yes,Yes,Pass
11562,2019-02-06,Yes,Yes,Pass
10002,2019-08-01,No,Yes,Fail
13302,2019-04-10,Yes,No,Fail
11515,2019-02-13,Yes,Yes,Pass
10087,2019-08-08,No,Yes,Fail
10546,2019-07-03,No,Yes,Fail
12967,2019-09-11,No,Yes,Fail
11642,2019-02-07,Yes,Yes,Pass
10947,2019-07-05,Yes,Yes,Pass
10356,2019-07-18,Yes,Yes,Pass
12498,2019-11-05,Yes,Yes,Pass
11779,2019-01-23,Yes,Yes,Pass
12842,2019-10-10,No,Yes,Fail
12118,2019-03-26,Yes,Yes,Pass
13216,2019-04-10,Yes,Yes,Pass
12754,2019-10-15,No,Yes,Fail
13138,2019-04-09,No,Yes,Fail
12638,2019-10-31,Yes,Yes,Pass
10897,2019-07-25,Yes,Yes,Pass
13060,2019-09-11,Yes,Yes,Pass
10523,2019-07-02,Yes,Yes,Pass
13040,2019-09-25,Yes,No,Fail
11922,2019-03-07,Yes,Yes,Pass
12662,2019-10-08,Yes,Yes,Pass
11465,2019-02-20,Yes,No,Fail
12478,2019-11-28,Yes,Yes,Pass
13157,2019-04-30,Yes,Yes,Pass
10489,2019-07-11,Yes,Yes,Pass
10270,2019-08-08,Yes,Yes,Fail
10342,2019-07-24,Yes,Yes,Pass
11272,2019-12-11,Yes,Yes,Pass
11547,2019-02-26,No,No,Fail
13356,2019-04-02,Yes,Yes,Pass
13248,2019-04-24,Yes,Yes,Pass
13259,2019-04-11,Yes,Yes,Pass
11467,2019-02-06,Yes,Yes,Pass
11997,2019-03-19,Yes,Yes,Pass
10789,2019-07-25,No,Yes,Fail
11423,2019-02-21,Yes,Yes,Fail
10452,2019-07-25,Yes,Yes,Fail
12543,2019-11-13,Yes,Yes,Pass
10339,2019-07-24,Yes,No,Fail
13011,2019-09-19,Yes,Yes,Pass
12782,2019-10-17,Yes,Yes,Pass
11394,2019-02-28,Yes,Yes,Fail
12750,2019-10-08,Yes,Yes,Pass
11602,2019-02-27,Yes,Yes,Pass
13180,2019-04-25,Yes,Yes,Pass
13316,2019-04-25,Yes,Yes,Pass
12562,2019-11-07,Yes,Yes,Pass
12256,2019-05-28,Yes,Yes,Pass
13071,2019-09-10,Yes,Yes,Fail
11568,2019-02-27,Yes,Yes,Pass
10091,2019-08-13,No,Yes,Fail
10090,2019-08-21,Yes,Yes,Pass
12727,2019-10-15,Yes,Yes,Pass
13191,2019-04-17,No,Yes,Fail
10200,2019-08-07,Yes,Yes,Pass
12893,2019-09-04,Yes,No,Fail
10588,2019-07-24,Yes,Yes,Fail
11961,2019-03-12,Yes,No,Fail
10621,2019-07-18,No,Yes,Fail
12450,2019-11-13,Yes,No,Fail
11737,2019-01-16,No,Yes,Fail
10625,2019-07-27,Yes,Yes,Pass
11902,2019-03-07,Yes,Yes,Pass
10361,2019-07-24,Yes,No,Fail
10095,2019-08-01,Yes,Yes,Pass
11539,2019-02-12,Yes,Yes,Pass
12875,2019-09-25,Yes,No,Fail
10436,2019-07-03,Yes,Yes,Pass
10442,2019-07-25,No,Yes,Fail
10357,2019-07-18,Yes,Yes,Pass
13143,2019-04-16,Yes,Yes,Fail
10044,2019-08-07,Yes,Yes,Pass
12914,2019-09-10,Yes,Yes,Pass
12581,2019-11-19,Yes,Yes,Fail
13352,2019-04-16,Yes,Yes,Fail
11719,2019-01-24,Yes,Yes,Pass
13163,2019-04-04,Yes,Yes,Pass
13150,2019-04-11,No,Yes,Fail
12863,2019-09-17,Yes,Yes,Pass
10318,2019-07-02,Yes,Yes,Pass
11968,2019-03-28,No,Yes,Fail
11321,2019-12-17,Yes,Yes,Pass
13149,2019-04-18,Yes,No,Fail
10206,2019-08-22,Yes,Yes,Pass
11867,2019-01-22,Yes,Yes,Pass
12790,2019-10-03,Yes,Yes,Fail
12929,2019-09-17,Yes,Yes,Fail
11725,2019-01-23,Yes,Yes,Pass
12770,2019-10-09,Yes,Yes,Pass
11635,2019-02-21,Yes,Yes,Pass
13371,2019-04-04,Yes,No,Fail
11560,2019-02-28,Yes,Yes,Fail
12028,2019-03-05,Yes,Yes,Pass
11015,2019-07-12,Yes,No,Fail
11289,2019-12-12,Yes,Yes,Pass
11239,2019-12-05,No,Yes,Fail
10045,2019-08-29,Yes,Yes,Pass
10929,2019-07-26,Yes,Yes,Fail
12192,2019-05-23,Yes,Yes,Pass
11448,2019-02-27,Yes,Yes,Pass
10659,2019-07-26,Yes,Yes,Pass
10116,2019-08-01,Yes,Yes,Pass
12323,2019-05-30,Yes,Yes,Pass
13142,2019-04-18,Yes,Yes,Pass
12370,2019-05-30,Yes,Yes,Pass
13056,2019-09-17,Yes,Yes,Pass
13225,2019-04-24,Yes,Yes,Fail
12713,2019-10-30,Yes,Yes,Fail
12610,2019-10-31,No,Yes,Fail
12138,2019-05-14,Yes,Yes,Pass
11636,2019-02-26,Yes,Yes,Pass
13342,2019-04-25,Yes,Yes,Fail
11115,2019-07-25,Yes,No,Fail
11591,2019-02-27,Yes,Yes,Pass
12486,2019-11-12,Yes,Yes,Pass
12109,2019-03-19,Yes,Yes,Pass
10833,2019-07-11,Yes,No,Fail
12294,2019-05-14,Yes,Yes,Pass
12277,2019-05-02,Yes,No,Fail
10651,2019-07-12,Yes,Yes,Fail
10721,2019-07-12,Yes,Yes,Pass
12023,2019-03-14,Yes,No,Fail
10977,2019-07-26,Yes,Yes,Pass
10823,2019-07-05,Yes,Yes,Pass
12563,2019-11-14,Yes,Yes,Pass
12489,2019-11-27,Yes,Yes,Pass
12354,2019-05-22,Yes,Yes,Pass
11498,2019-02-19,Yes,Yes,Pass
12119,2019-03-13,Yes,Yes,Pass
11398,2019-02-20,Yes,Yes,Pass
12348,2019-05-08,Yes,No,Fail
11864,2019-01-08,Yes,Yes,Fail
11259,2019-12-10,Yes,Yes,Fail
11839,2019-01-30,No,No,Fail
11936,2019-03-12,Yes,Yes,Pass
12926,2019-09-19,Yes,Yes,Pass
12858,2019-09-11,Yes,Yes,Pass
13030,2019-09-12,Yes,Yes,Pass
12958,2019-09-10,Yes,Yes,Pass
12642,2019-10-23,No,No,Fail
12884,2019-09-11,Yes,Yes,Pass
11490,2019-02-13,Yes,Yes,Fail
11127,2019-07-19,Yes,Yes,Pass
12342,2019-05-28,Yes,Yes,Pass
11559,2019-02-28,Yes,No,Fail
11911,2019-03-19,Yes,Yes,Fail
12513,2019-11-26,Yes,Yes,Pass
12557,2019-11-26,Yes,Yes,Pass
11037,2019-07-19,Yes,No,Fail
12524,2019-11-05,Yes,Yes,Pass
12037,2019-03-05,Yes,Yes,Pass
13162,2019-04-16,Yes,Yes,Pass
10143,2019-08-06,Yes,Yes,Pass
12514,2019-11-05,No,Yes,Fail
10430,2019-07-09,Yes,Yes,Pass
12055,2019-03-26,Yes,Yes,Fail
12993,2019-09-11,Yes,Yes,Pass
10161,2019-08-27,Yes,Yes,Fail
11571,2019-02-07,Yes,Yes,Pass
10264,2019-08-27,Yes,Yes,Pass
12313,2019-05-28,Yes,Yes,Pass
10649,2019-07-06,Yes,Yes,Pass
13313,2019-04-09,Yes,Yes,Pass
11247,2019-12-12,No,Yes,Fail
13108,2019-09-10,Yes,Yes,Pass
11097,2019-07-05,Yes,Yes,Pass
10723,2019-07-04,Yes,Yes,Pass
12732,2019-10-01,Yes,Yes,Pass
11087,2019-07-11,Yes,Yes,Pass
10655,2019-07-06,Yes,Yes,Pass
11441,2019-02-19,Yes,Yes,Pass
10328,2019-07-18,Yes,Yes,Pass
10493,2019-07-10,Yes,Yes,Pass
10263,2019-08-01,Yes,Yes,Pass
10111,2019-08-29,Yes,Yes,Fail
10299,2019-08-14,Yes,Yes,Pass
13130,2019-04-03,Yes,Yes,Pass
12567,2019-11-06,Yes,Yes,Pass
11793,2019-01-22,Yes,Yes,Pass
11320,2019-12-11,Yes,Yes,Fail
12054,2019-03-05,Yes,Yes,Pass
12476,2019-11-05,No,Yes,Fail
12183,2019-05-21,Yes,Yes,Pass
10594,2019-07-31,Yes,Yes,Pass
11918,2019-03-20,Yes,Yes,Pass
13237,2019-04-04,Yes,Yes,Pass
12389,2019-11-13,Yes,No,Fail
10919,2019-07-04,Yes,Yes,Pass
12547,2019-11-13,No,Yes,Fail
12733,2019-10-16,Yes,Yes,Pass
11241,2019-12-04,Yes,Yes,Fail
11364,2019-12-12,Yes,Yes,Fail
12744,2019-10-24,Yes,Yes,Pass
11801,2019-01-24,Yes,Yes,Pass
10584,2019-07-17,Yes,Yes,Pass
10194,2019-08-08,Yes,Yes,Pass
12180,2019-05-14,Yes,Yes,Fail
13358,2019-04-02,Yes,Yes,Pass
13255,2019-04-04,No,Yes,Fail
11627,2019-02-07,Yes,Yes,Pass
12428,2019-11-20,No,Yes,Fail
13068,2019-09-26,Yes,Yes,Fail
11565,2019-02-05,Yes,Yes,Fail
13253,2019-04-03,Yes,Yes,Fail
13344,2019-04-18,Yes,No,Fail
10139,2019-08-07,Yes,Yes,Pass
11644,2019-02-19,Yes,Yes,Fail
12168,2019-05-09,Yes,Yes,Pass
11147,2019-07-25,Yes,Yes,Fail
10869,2019-07-25,Yes,Yes,Pass
10461,2019-07-10,Yes,Yes,Pass
12837,2019-10-09,No,Yes,Fail
13070,2019-09-19,Yes,Yes,Pass
12297,2019-05-16,Yes,Yes,Pass
10291,2019-08-29,Yes,Yes,Fail
11011,2019-07-12,Yes,Yes,Pass
12325,2019-05-09,Yes,Yes,Pass
10552,2019-07-02,Yes,No,Fail
12473,2019-11-14,Yes,Yes,Pass
10388,2019-07-09,Yes,Yes,Fail
10953,2019-07-04,Yes,Yes,Pass
12517,2019-11-21,Yes,Yes,Pass
12274,2019-05-01,No,Yes,Fail
12017,2019-03-19,Yes,No,Fail
10314,2019-07-24,Yes,Yes,Pass
11519,2019-02-19,Yes,Yes,Pass
10290,2019-08-29,Yes,Yes,Pass
12380,2019-11-14,Yes,Yes,Fail
12475,2019-11-13,Yes,Yes,Pass
12786,2019-10-02,Yes,Yes,Pass
12242,2019-05-09,Yes,No,Fail
12480,2019-11-07,No,Yes,Fail
10384,2019-07-25,Yes,Yes,Pass
10811,2019-07-27,Yes,Yes,Pass
12944,2019-09-18,Yes,Yes,Pass
10241,2019-08-29,Yes,Yes,Pass
11260,2019-12-10,Yes,Yes,Pass
12708,2019-10-09,Yes,Yes,Pass
11530,2019-02-05,Yes,Yes,Pass
11478,2019-02-14,Yes,Yes,Pass
11395,2019-02-06,Yes,Yes,Pass
13103,2019-09-24,Yes,Yes,Pass
13246,2019-04-03,Yes,Yes,Pass
11855,2019-01-29,Yes,Yes,Pass
12670,2019-10-23,Yes,Yes,Fail
12214,2019-05-01,Yes,No,Fail
12464,2019-11-26,Yes,Yes,Pass
10435,2019-07-10,No,Yes,Fail
11739,2019-01-03,No,Yes,Fail
12047,2019-03-13,No,No,Fail
13226,2019-04-16,Yes,Yes,Fail
13361,2019-04-09,Yes,Yes,Pass
12715,2019-10-24,Yes,No,Fail
10575,2019-07-31,Yes,No,Fail
10054,2019-08-21,Yes,Yes,Pass
13262,2019-04-16,Yes,Yes,Pass
10414,2019-07-18,No,Yes,Fail
10344,2019-07-16,Yes,Yes,Pass
12356,2019-05-14,No,Yes,Fail
12518,2019-11-19,Yes,Yes,Pass
12615,2019-10-30,Yes,No,Fail
10375,2019-07-03,Yes,Yes,Pass
13123,2019-04-18,Yes,Yes,Pass
11981,2019-03-26,Yes,Yes,Pass
11163,2019-07-25,No,No,Fail
11073,2019-07-18,Yes,Yes,Fail
10873,2019-07-04,Yes,Yes,Pass
12179,2019-05-09,Yes,Yes,Pass
10773,2019-07-26,Yes,No,Fail
13353,2019-04-11,Yes,Yes,Pass
12643,2019-10-24,Yes,Yes,Fail
11334,2019-12-12,Yes,Yes,Pass
10498,2019-07-18,Yes,Yes,Pass
10671,2019-07-26,Yes,Yes,Pass
11851,2019-01-22,Yes,Yes,Fail
10447,2019-07-18,Yes,Yes,Pass
11563,2019-02-28,Yes,Yes,Pass
12831,2019-10-02,Yes,Yes,Pass
10352,2019-07-24,Yes,No,Fail
10171,2019-08-07,Yes,No,Fail
12125,2019-05-21,Yes,Yes,Pass
12775,2019-10-30,Yes,Yes,Pass
13368,2019-04-17,Yes,Yes,Pass
12053,2019-03-13,No,Yes,Fail
11400,2019-02-06,Yes,Yes,Fail
12918,2019-09-11,Yes,Yes,Pass
12038,2019-03-27,Yes,Yes,Fail
12950,2019-09-05,Yes,Yes,Pass
10895,2019-07-19,Yes,Yes,Pass
10483,2019-07-03,Yes,Yes,Pass
12288,2019-05-01,Yes,No,Fail
13002,2019-09-17,Yes,Yes,Pass
13086,2019-09-26,No,Yes,Fail
10907,2019-07-25,Yes,Yes,Pass
12010,2019-03-06,Yes,No,Fail
11777,2019-01-23,Yes,Yes,Fail
12507,2019-11-12,Yes,No,Fail
11800,2019-01-15,Yes,Yes,Pass
12133,2019-05-08,Yes,Yes,Pass
12747,2019-10-24,Yes,Yes,Pass
10372,2019-07-16,Yes,Yes,Fail
11731,2019-01-03,Yes,Yes,Pass
11891,2019-03-21,Yes,Yes,Pass
11564,2019-02-27,No,Yes,Fail
13007,2019-09-17,Yes,Yes,Pass
11145,2019-07-06,Yes,No,Fail
11139,2019-07-26,Yes,Yes,Pass
11284,2019-12-05,Yes,Yes,Pass
11183,2019-07-04,Yes,Yes,Pass
11558,2019-02-28,Yes,Yes,Pass
11471,2019-02-05,Yes,Yes,Pass
10014,2019-08-29,Yes,No,Fail
10332,2019-07-24,No,Yes,Fail
10082,2019-08-07,Yes,Yes,Pass
10261,2019-08-22,Yes,Yes,Pass
10482,2019-07-23,Yes,Yes,Pass
13270,2019-04-30,Yes,Yes,Pass
11840,2019-01-24,Yes,Yes,Pass
11977,2019-03-06,Yes,Yes,Pass
11557,2019-02-12,Yes,Yes,Pass
11892,2019-03-12,Yes,Yes,Pass
11650,2019-01-31,Yes,No,Fail
10779,2019-07-26,Yes,Yes,Fail
13129,2019-04-16,Yes,No,Fail
11452,2019-02-28,Yes,Yes,Pass
11729,2019-01-03,Yes,Yes,Fail
11439,2019-02-26,Yes,Yes,Pass
10969,2019-07-12,Yes,Yes,Pass
12390,2019-11-06,Yes,Yes,Pass
11870,2019-01-02,Yes,Yes,Pass
13039,2019-09-18,Yes,Yes,Pass
10225,2019-08-28,Yes,Yes,Pass
11205,2019-07-20,Yes,No,Fail
10725,2019-07-06,Yes,Yes,Pass
11549,2019-02-14,No,No,Fail
12961,2019-09-03,Yes,Yes,Pass
10020,2019-08-08,Yes,Yes,Fail
10525,2019-07-30,Yes,Yes,Pass
12501,2019-11-12,Yes,Yes,Pass
11656,2019-01-24,Yes,Yes,Pass
10340,2019-07-02,Yes,Yes,Pass
13265,2019-04-09,Yes,No,Fail
12275,2019-05-02,No,Yes,Fail
13219,2019-04-04,Yes,Yes,Pass
13364,2019-04-30,Yes,Yes,Fail
11769,2019-01-24,Yes,Yes,Pass
11782,2019-01-09,Yes,No,Fail
12421,2019-11-27,Yes,Yes,Pass
12430,2019-11-27,Yes,Yes,Pass
11009,2019-07-06,Yes,Yes,Pass
12599,2019-10-17,Yes,Yes,Pass
13006,2019-09-04,Yes,Yes,Fail
10521,2019-07-30,No,Yes,Fail
12686,2019-10-31,Yes,Yes,Pass
12484,2019-11-07,Yes,Yes,Pass
11669,2019-01-22,Yes,Yes,Pass
11017,2019-07-20,Yes,No,Fail
11503,2019-02-27,Yes,Yes,Pass
11157,2019-07-20,Yes,No,Fail
10386,2019-07-18,Yes,Yes,Pass
12298,2019-05-08,Yes,Yes,Pass
11865,2019-01-17,No,Yes,Fail
12103,2019-03-12,Yes,Yes,Pass
11789,2019-01-09,Yes,Yes,Pass
10517,2019-07-17,No,Yes,Fail
13260,2019-04-09,Yes,Yes,Pass
13081,2019-09-17,Yes,Yes,Pass
12685,2019-10-01,Yes,Yes,Pass
12307,2019-05-09,Yes,Yes,Pass
10207,2019-08-13,Yes,Yes,Pass
11446,2019-02-14,Yes,Yes,Pass
11438,2019-02-13,Yes,Yes,Pass
10470,2019-07-31,Yes,Yes,Pass
12660,2019-10-24,Yes,Yes,Fail
12665,2019-10-30,Yes,Yes,Fail
12925,2019-09-26,Yes,Yes,Pass
10995,2019-07-25,Yes,Yes,Pass
12488,2019-11-14,Yes,Yes,Fail
10576,2019-07-31,Yes,Yes,Pass
12554,2019-11-28,No,Yes,Fail
11411,2019-02-19,Yes,Yes,Fail
13109,2019-09-03,Yes,Yes,Pass
10364,2019-07-02,No,Yes,Fail
11199,2019-07-18,Yes,Yes,Pass
13355,2019-04-03,Yes,Yes,Pass
11964,2019-03-06,Yes,Yes,Pass
11940,2019-03-13,Yes,Yes,Fail
12143,2019-05-29,Yes,Yes,Pass
10060,2019-08-21,Yes,No,Fail
12126,2019-05-07,Yes,No,Fail
12120,2019-03-20,Yes,Yes,Pass
12607,2019-10-23,Yes,Yes,Pass
11766,2019-01-17,Yes,Yes,Pass
10413,2019-07-09,No,Yes,Fail
12271,2019-05-14,No,Yes,Fail
13231,2019-04-09,Yes,Yes,Pass
13280,2019-04-02,Yes,Yes,Pass
11189,2019-07-18,Yes,Yes,Pass
13324,2019-04-30,Yes,Yes,Pass
11307,2019-12-17,No,Yes,Fail
12558,2019-11-19,Yes,Yes,Pass
12194,2019-05-02,Yes,Yes,Pass
13125,2019-04-16,Yes,Yes,Pass
11794,2019-01-08,Yes,Yes,Pass
10562,2019-07-25,Yes,Yes,Fail
11345,2019-12-03,Yes,Yes,Pass
10117,2019-08-29,No,Yes,Fail
12718,2019-10-31,Yes,Yes,Pass
10875,2019-07-26,Yes,Yes,Pass
13155,2019-04-09,Yes,Yes,Pass
12219,2019-05-09,No,Yes,Fail
10187,2019-08-13,Yes,Yes,Pass
11367,2019-12-17,Yes,Yes,Pass
10534,2019-07-03,Yes,No,Fail
12300,2019-05-28,Yes,Yes,Fail
10989,2019-07-06,Yes,Yes,Pass
11822,2019-01-03,Yes,Yes,Pass
11311,2019-12-03,Yes,Yes,Pass
12761,2019-10-22,Yes,Yes,Pass
12503,2019-11-12,Yes,Yes,Pass
11237,2019-12-19,Yes,Yes,Pass
12584,2019-11-20,Yes,Yes,Pass
13325,2019-04-11,No,Yes,Fail
11227,2019-12-04,No,Yes,Fail
12057,2019-03-21,Yes,Yes,Pass
11077,2019-07-18,Yes,Yes,Pass
12843,2019-10-23,Yes,Yes,Pass
12213,2019-05-02,Yes,Yes,Pass
11703,2019-01-31,No,Yes,Fail
12106,2019-03-07,Yes,Yes,Fail
10631,2019-07-13,Yes,Yes,Pass
10757,2019-07-19,Yes,Yes,Fail
10681,2019-07-19,Yes,No,Fail
10271,2019-08-07,Yes,Yes,Pass
10217,2019-08-08,No,Yes,Fail
11958,2019-03-28,Yes,Yes,Fail
11522,2019-02-12,Yes,Yes,Pass
13293,2019-04-30,Yes,No,Fail
10047,2019-08-13,Yes,Yes,Pass
10495,2019-07-25,Yes,Yes,Pass
11741,2019-01-02,Yes,Yes,Fail
13044,2019-09-26,Yes,Yes,Fail
11281,2019-12-19,Yes,Yes,Pass
10393,2019-07-04,Yes,Yes,Pass
11149,2019-07-20,Yes,Yes,Fail
10011,2019-08-08,Yes,Yes,Fail
10971,2019-07-25,Yes,Yes,Pass
12653,2019-10-10,Yes,Yes,Pass
11161,2019-07-05,Yes,Yes,Pass
10827,2019-07-18,Yes,Yes,Fail
12916,2019-09-10,Yes,Yes,Pass
11982,2019-03-21,Yes,Yes,Pass
12158,2019-05-29,Yes,Yes,Pass
12451,2019-11-28,Yes,Yes,Pass
13175,2019-04-10,Yes,Yes,Fail
11900,2019-03-06,Yes,Yes,Pass
12977,2019-09-10,Yes,Yes,Pass
11524,2019-02-13,Yes,Yes,Fail
13000,2019-09-26,Yes,Yes,Pass
11211,2019-07-20,Yes,Yes,Pass
10590,2019-07-17,Yes,No,Fail
10673,2019-07-25,Yes,Yes,Pass
12647,2019-10-23,Yes,Yes,Pass
12391,2019-11-27,No,No,Fail
10051,2019-08-29,Yes,Yes,Fail
12415,2019-11-14,Yes,Yes,Pass
12758,2019-10-01,Yes,Yes,Pass
11744,2019-01-15,Yes,Yes,Pass
11780,2019-01-17,Yes,Yes,Pass
12212,2019-05-16,Yes,Yes,Pass
12200,2019-05-09,Yes,Yes,Pass
13343,2019-04-09,Yes,Yes,Pass
11953,2019-03-12,Yes,No,Fail
12991,2019-09-18,Yes,Yes,Fail
10365,2019-07-11,Yes,Yes,Pass
11545,2019-02-20,Yes,Yes,Pass
12424,2019-11-20,Yes,Yes,Pass
12927,2019-09-24,Yes,Yes,Pass
11623,2019-02-21,Yes,Yes,Pass
10595,2019-07-04,No,Yes,Fail
12827,2019-10-15,Yes,Yes,Pass
10102,2019-08-06,Yes,Yes,Fail
12805,2019-10-30,No,Yes,Fail
13199,2019-04-10,Yes,Yes,Pass
10557,2019-07-18,Yes,Yes,Pass
11358,2019-12-18,Yes,Yes,Pass
11512,2019-02-26,Yes,Yes,Pass
12826,2019-10-10,Yes,Yes,Pass
12361,2019-05-07,Yes,Yes,Pass
12129,2019-05-01,No,Yes,Fail
12915,2019-09-12,Yes,Yes,Pass
11657,2019-01-16,Yes,Yes,Pass
13254,2019-04-24,Yes,Yes,Pass
12809,2019-10-17,No,No,Fail
10226,2019-08-01,Yes,Yes,Fail
12437,2019-11-14,Yes,Yes,Fail
11633,2019-02-21,Yes,No,Fail
12815,2019-10-29,Yes,Yes,Pass
10564,2019-07-11,Yes,Yes,Pass
11980,2019-03-12,Yes,Yes,Pass
11021,2019-07-05,Yes,Yes,Pass
11388,2019-12-18,Yes,Yes,Pass
13347,2019-04-16,Yes,Yes,Pass
11868,2019-01-30,Yes,Yes,Pass
10460,2019-07-09,No,Yes,Fail
12724,2019-10-31,Yes,Yes,Fail
11592,2019-02-13,No,Yes,Fail
12322,2019-05-23,Yes,Yes,Pass
12465,2019-11-12,Yes,Yes,Pass
12956,2019-09-26,Yes,Yes,Pass
11735,2019-01-29,Yes,Yes,Pass
10637,2019-07-04,Yes,Yes,Pass
12291,2019-05-02,Yes,Yes,Pass
10338,2019-07-16,Yes,Yes,Pass
12472,2019-11-12,Yes,No,Fail
12608,2019-10-22,Yes,Yes,Fail
12751,2019-10-30,Yes,Yes,Pass
13349,2019-04-10,Yes,Yes,Fail
13370,2019-04-30,Yes,Yes,Fail
11310,2019-12-18,Yes,Yes,Fail
11677,2019-01-22,Yes,Yes,Pass
12935,2019-09-24,Yes,Yes,Fail
10539,2019-07-11,Yes,Yes,Pass
11807,2019-01-24,Yes,No,Fail
12572,2019-11-26,Yes,Yes,Pass
11692,2019-01-23,No,Yes,Fail
10164,2019-08-08,Yes,Yes,Pass
10050,2019-08-13,Yes,No,Fail
11486,2019-02-27,Yes,Yes,Pass
10699,2019-07-06,Yes,Yes,Pass
12495,2019-11-05,Yes,Yes,Fail
11944,2019-03-13,Yes,Yes,Pass
13306,2019-04-09,Yes,Yes,Fail
12099,2019-03-06,Yes,Yes,Pass
13205,2019-04-09,Yes,Yes,Pass
11762,2019-01-16,Yes,Yes,Pass
12400,2019-11-27,Yes,Yes,Fail
12794,2019-10-15,Yes,Yes,Pass
10600,2019-07-11,Yes,Yes,Fail
10216,2019-08-06,Yes,No,Fail
12429,2019-11-12,Yes,Yes,Pass
12409,2019-11-26,Yes,Yes,Pass
11408,2019-02-05,Yes,Yes,Pass
10579,2019-07-11,Yes,Yes,Pass
12208,2019-05-07,Yes,Yes,Pass
11618,2019-02-26,Yes,Yes,Pass
11959,2019-03-21,Yes,No,Fail
10076,2019-08-20,Yes,Yes,Pass
11053,2019-07-18,Yes,Yes,Pass
12702,2019-10-24,Yes,Yes,Pass
13089,2019-09-05,No,Yes,Fail
11360,2019-12-17,Yes,Yes,Fail
12467,2019-11-26,Yes,Yes,Pass
10519,2019-07-10,Yes,Yes,Pass
11521,2019-02-19,Yes,Yes,Pass
13050,2019-09-25,Yes,Yes,Fail
10683,2019-07-25,Yes,Yes,Pass
12896,2019-09-11,Yes,Yes,Fail
11660,2019-01-30,Yes,Yes,Pass
12682,2019-10-10,Yes,Yes,Pass
10793,2019-07-11,Yes,Yes,Pass
12090,2019-03-28,Yes,Yes,Pass
13314,2019-04-23,Yes,Yes,Pass
12953,2019-09-04,Yes,No,Fail
12849,2019-09-11,Yes,Yes,Pass
12667,2019-10-09,Yes,Yes,Pass
11609,2019-02-12,Yes,Yes,Pass
10038,2019-08-27,Yes,No,Fail
10404,2019-07-25,Yes,Yes,Pass
10021,2019-08-21,Yes,Yes,Pass
10643,2019-07-25,Yes,Yes,Fail
11495,2019-02-19,Yes,No,Fail
12375,2019-05-14,Yes,Yes,Pass
13271,2019-04-30,Yes,Yes,Fail
11704,2019-01-15,Yes,Yes,Pass
12632,2019-10-16,Yes,Yes,Pass
10189,2019-08-07,Yes,Yes,Pass
11294,2019-12-11,Yes,Yes,Pass
12690,2019-10-31,Yes,Yes,Pass
11583,2019-02-27,Yes,Yes,Pass
13133,2019-04-17,Yes,No,Fail
12692,2019-10-22,Yes,Yes,Fail
12975,2019-09-11,Yes,Yes,Pass
12796,2019-10-02,Yes,No,Fail
11770,2019-01-02,Yes,No,Fail
10080,2019-08-01,Yes,No,Fail
11590,2019-02-26,No,Yes,Fail
10893,2019-07-05,Yes,Yes,Pass
10046,2019-08-15,Yes,Yes,Pass
10298,2019-08-14,Yes,Yes,Fail
12923,2019-09-05,Yes,No,Fail
12289,2019-05-30,Yes,Yes,Pass
12589,2019-11-28,Yes,Yes,Pass
13110,2019-09-10,Yes,Yes,Fail
12493,2019-11-20,Yes,Yes,Fail
12705,2019-10-22,Yes,Yes,Pass
10424,2019-07-16,Yes,Yes,Pass
13245,2019-04-30,Yes,Yes,Pass
10376,2019-07-30,Yes,Yes,Pass
11869,2019-01-24,Yes,Yes,Fail
12312,2019-05-14,Yes,Yes,Pass
11550,2019-02-26,Yes,Yes,Pass
12804,2019-10-16,Yes,Yes,Pass
10540,2019-07-30,Yes,Yes,Pass
11624,2019-02-06,Yes,Yes,Pass
10619,2019-07-20,Yes,Yes,Pass
12729,2019-10-09,Yes,Yes,Pass
12882,2019-09-10,Yes,Yes,Pass
12445,2019-11-05,Yes,Yes,Pass
11440,2019-02-26,Yes,Yes,Fail
11249,2019-12-12,Yes,Yes,Pass
10247,2019-08-08,Yes,Yes,Pass
12650,2019-10-23,No,Yes,Fail
11385,2019-12-18,Yes,Yes,Fail
10799,2019-07-19,Yes,Yes,Pass
12701,2019-10-30,Yes,Yes,Pass
10959,2019-07-11,Yes,Yes,Fail
10119,2019-08-20,Yes,Yes,Pass
12279,2019-05-15,Yes,Yes,Pass
12207,2019-05-08,No,Yes,Fail
12900,2019-09-12,Yes,Yes,Pass
12731,2019-10-15,No,Yes,Fail
10330,2019-07-02,Yes,Yes,Pass
10715,2019-07-25,Yes,Yes,Pass
10292,2019-08-27,Yes,Yes,Pass
10276,2019-08-01,Yes,Yes,Pass
13121,2019-04-30,Yes,Yes,Pass
12026,2019-03-05,Yes,Yes,Pass
11293,2019-12-12,Yes,Yes,Pass
12225,2019-05-01,Yes,Yes,Pass
10303,2019-07-31,Yes,Yes,Pass
10983,2019-07-04,Yes,Yes,Pass
12107,2019-03-19,Yes,Yes,Fail
10235,2019-08-08,Yes,Yes,Pass
13083,2019-09-12,Yes,Yes,Pass
11433,2019-02-19,Yes,Yes,Pass
10024,2019-08-29,Yes,Yes,Pass
12122,2019-03-13,No,Yes,Fail
13181,2019-04-02,No,Yes,Fail
11464,2019-02-21,Yes,Yes,Pass
12153,2019-05-15,Yes,Yes,Pass
10538,2019-07-03,No,Yes,Fail
11323,2019-12-05,Yes,Yes,Pass
12115,2019-03-26,Yes,Yes,Pass
12227,2019-05-01,Yes,Yes,Pass
10448,2019-07-18,Yes,Yes,Pass
11683,2019-01-30,Yes,Yes,Fail
10154,2019-08-29,Yes,No,Fail
12413,2019-11-21,Yes,Yes,Fail
13329,2019-04-23,No,Yes,Fail
12218,2019-05-30,Yes,Yes,Pass
12165,2019-05-08,Yes,Yes,Pass
11676,2019-01-10,Yes,No,Fail
11852,2019-01-24,Yes,Yes,Pass
10383,2019-07-09,Yes,Yes,Pass
10891,2019-07-11,Yes,Yes,Pass
12365,2019-05-14,Yes,Yes,Pass
10165,2019-08-07,Yes,No,Fail
12110,2019-03-21,Yes,Yes,Pass
10178,2019-08-21,Yes,Yes,Pass
11757,2019-01-23,Yes,Yes,Pass
10201,2019-08-20,Yes,Yes,Fail
10109,2019-08-15,Yes,Yes,Pass
12210,2019-05-01,Yes,Yes,Pass
11363,2019-12-10,Yes,Yes,Pass
10582,2019-07-04,Yes,Yes,Pass
12267,2019-05-14,Yes,Yes,Fail
10939,2019-07-19,Yes,Yes,Fail
10145,2019-08-15,Yes,Yes,Pass
13159,2019-04-04,Yes,Yes,Pass
13307,2019-04-23,Yes,Yes,Pass
10089,2019-08-13,Yes,Yes,Fail
10237,2019-08-21,Yes,Yes,Pass
13140,2019-04-11,Yes,Yes,Pass
12574,2019-11-06,Yes,Yes,Fail
13064,2019-09-04,Yes,Yes,Pass
10585,2019-07-23,Yes,Yes,Pass
13001,2019-09-05,No,No,Fail
12196,2019-05-08,Yes,Yes,Pass
10374,2019-07-23,Yes,Yes,Pass
11705,2019-01-30,Yes,Yes,Pass
13016,2019-09-11,No,Yes,Fail
10459,2019-07-18,Yes,Yes,Pass
10549,2019-07-30,Yes,Yes,Fail
12652,2019-10-30,Yes,Yes,Pass
11369,2019-12-04,Yes,Yes,Fail
12002,2019-03-07,No,Yes,Fail
10599,2019-07-30,Yes,Yes,Pass
12162,2019-05-01,Yes,Yes,Pass
12541,2019-11-05,No,Yes,Fail
10005,2019-08-07,Yes,Yes,Pass
12456,2019-11-27,Yes,Yes,Pass
11984,2019-03-14,Yes,Yes,Pass
12793,2019-10-02,Yes,Yes,Pass
13337,2019-04-10,Yes,Yes,Pass
12036,2019-03-06,Yes,Yes,Fail
13227,2019-04-09,Yes,Yes,Pass
12252,2019-05-01,No,Yes,Fail
10474,2019-07-10,Yes,Yes,Pass
10137,2019-08-06,Yes,Yes,Pass
12605,2019-10-08,Yes,No,Fail
13059,2019-09-24,Yes,Yes,Pass
13156,2019-04-10,Yes,Yes,Pass
10105,2019-08-08,Yes,Yes,Pass
12982,2019-09-12,Yes,Yes,Pass
11488,2019-02-21,Yes,Yes,Fail
11381,2019-12-11,Yes,Yes,Pass
10607,2019-07-31,Yes,Yes,Pass
10180,2019-08-08,Yes,Yes,Pass
12566,2019-11-26,Yes,Yes,Pass
13201,2019-04-09,Yes,Yes,Pass
12992,2019-09-19,Yes,Yes,Pass
13173,2019-04-02,Yes,Yes,Pass
11216,2019-12-18,Yes,Yes,Pass
12812,2019-10-16,Yes,Yes,Fail
10071,2019-08-21,Yes,Yes,Pass
10462,2019-07-16,Yes,Yes,Pass
12819,2019-10-17,Yes,Yes,Pass
10104,2019-08-14,Yes,Yes,Fail
10242,2019-08-14,Yes,Yes,Pass
11457,2019-02-27,Yes,Yes,Fail
12590,2019-11-07,Yes,No,Fail
10115,2019-08-22,Yes,Yes,Pass
12392,2019-11-19,Yes,Yes,Pass
10028,2019-08-08,Yes,Yes,Pass
12384,2019-11-13,Yes,Yes,Fail
13118,2019-09-12,Yes,Yes,Pass
10979,2019-07-18,Yes,No,Fail
13320,2019-04-09,Yes,Yes,Pass
12434,2019-11-20,Yes,Yes,Fail
11397,2019-02-27,Yes,No,Fail
13202,2019-04-09,Yes,No,Fail
10367,2019-07-09,Yes,Yes,Pass
12602,2019-10-23,Yes,Yes,Pass
11221,2019-12-11,Yes,Yes,Pass
12377,2019-11-12,Yes,Yes,Pass
12155,2019-05-22,Yes,Yes,Pass
12583,2019-11-20,Yes,Yes,Pass
12460,2019-11-06,Yes,Yes,Pass
11337,2019-12-04,Yes,Yes,Pass
12247,2019-05-22,No,No,Fail
10239,2019-08-20,Yes,Yes,Pass
10973,2019-07-20,Yes,Yes,Pass
11831,2019-01-17,Yes,Yes,Pass
11723,2019-01-24,Yes,Yes,Pass
10899,2019-07-18,Yes,Yes,Pass
10867,2019-07-12,Yes,Yes,Fail
12455,2019-11-12,No,Yes,Fail
12443,2019-11-12,Yes,Yes,Pass
10173,2019-08-06,Yes,Yes,Pass
12046,2019-03-27,Yes,Yes,Pass
13340,2019-04-10,Yes,Yes,Fail
12383,2019-11-14,Yes,Yes,Pass
12964,2019-09-25,Yes,Yes,Pass
12968,2019-09-05,Yes,Yes,Fail
10921,2019-07-06,Yes,Yes,Fail
11962,2019-03-28,No,Yes,Fail
12080,2019-03-19,Yes,Yes,Pass
11234,2019-12-18,Yes,Yes,Fail
10571,2019-07-23,Yes,Yes,Pass
11265,2019-12-11,Yes,Yes,Pass
13126,2019-04-02,No,Yes,Fail
12186,2019-05-01,Yes,Yes,Pass
10248,2019-08-08,Yes,Yes,Pass
10167,2019-08-15,Yes,Yes,Pass
13186,2019-04-18,Yes,Yes,Fail
10572,2019-07-25,Yes,Yes,Fail
11788,2019-01-03,Yes,No,Fail
11095,2019-07-05,Yes,No,Fail
11403,2019-02-13,Yes,Yes,Pass
13182,2019-04-09,Yes,Yes,Pass
12132,2019-05-30,Yes,No,Fail
11302,2019-12-03,Yes,Yes,Pass
10481,2019-07-31,Yes,Yes,Pass
10450,2019-07-31,No,Yes,Fail
10343,2019-07-03,Yes,Yes,Pass
12100,2019-03-26,Yes,Yes,Pass
10199,2019-08-07,Yes,Yes,Fail
11916,2019-03-06,No,Yes,Fail
13079,2019-09-25,Yes,Yes,Fail
10013,2019-08-15,Yes,Yes,Pass
13096,2019-09-25,Yes,Yes,Fail
12117,2019-03-28,No,Yes,Fail
12669,2019-10-30,Yes,Yes,Fail
12678,2019-10-23,Yes,Yes,Fail
11496,2019-02-19,Yes,Yes,Fail
11228,2019-12-11,No,Yes,Fail
11759,2019-01-23,Yes,Yes,Fail
11854,2019-01-17,Yes,Yes,Pass
10496,2019-07-24,Yes,Yes,Pass
10853,2019-07-06,Yes,Yes,Pass
12769,2019-10-08,Yes,Yes,Pass
12800,2019-10-23,No,No,Fail
10223,2019-08-13,Yes,No,Fail
10434,2019-07-04,Yes,Yes,Pass
12013,2019-03-21,Yes,Yes,Pass
12145,2019-05-08,Yes,Yes,Pass
10689,2019-07-06,Yes,Yes,Pass
11499,2019-02-14,Yes,Yes,Pass
12811,2019-10-08,Yes,Yes,Pass
11402,2019-02-14,Yes,Yes,Pass
11415,2019-02-19,Yes,No,Fail
12349,2019-05-22,Yes,Yes,Pass
12177,2019-05-23,Yes,Yes,Pass
11428,2019-02-05,No,Yes,Fail
10617,2019-07-04,Yes,Yes,Pass
11485,2019-02-05,Yes,Yes,Pass
11119,2019-07-11,Yes,Yes,Pass
11930,2019-03-06,Yes,Yes,Fail
10073,2019-08-15,Yes,Yes,Fail
10737,2019-07-18,Yes,Yes,Fail
10142,2019-08-06,Yes,Yes,Pass
10151,2019-08-06,Yes,Yes,Pass
12552,2019-11-12,Yes,Yes,Fail
12191,2019-05-22,No,Yes,Fail
11746,2019-01-29,Yes,Yes,Pass
10204,2019-08-20,No,Yes,Fail
11269,2019-12-17,Yes,Yes,Pass
10527,2019-07-04,Yes,Yes,Fail
10399,2019-07-09,Yes,Yes,Pass
12707,2019-10-08,Yes,Yes,Pass
12166,2019-05-30,Yes,Yes,Pass
10238,2019-08-21,Yes,Yes,Pass
12614,2019-10-15,Yes,Yes,Fail
10781,2019-07-05,Yes,Yes,Pass
13017,2019-09-04,Yes,Yes,Pass
12720,2019-10-02,Yes,No,Fail
10311,2019-07-24,Yes,Yes,Pass
12683,2019-10-23,Yes,Yes,Pass
11639,2019-02-26,Yes,Yes,Pass
13185,2019-04-04,Yes,Yes,Pass
10266,2019-08-21,No,No,Fail
11250,2019-12-18,Yes,Yes,Pass
12890,2019-09-10,Yes,Yes,Pass
10172,2019-08-01,Yes,No,Fail
10188,2019-08-27,Yes,Yes,Pass
12813,2019-10-23,Yes,Yes,Pass
12636,2019-10-24,Yes,Yes,Fail
12797,2019-10-02,Yes,Yes,Pass
10484,2019-07-18,Yes,Yes,Pass
12116,2019-03-28,Yes,Yes,Pass
11919,2019-03-20,Yes,Yes,Pass
13055,2019-09-12,Yes,Yes,Pass
10425,2019-07-17,Yes,Yes,Pass
11836,2019-01-03,Yes,Yes,Fail
10679,2019-07-19,Yes,Yes,Fail
12056,2019-03-26,No,No,Fail
12564,2019-11-26,Yes,Yes,Pass
11233,2019-12-11,Yes,Yes,Pass
11824,2019-01-03,Yes,Yes,Pass
11871,2019-01-24,Yes,Yes,Fail
11934,2019-03-06,Yes,Yes,Pass
11514,2019-02-06,Yes,Yes,Pass
10219,2019-08-13,Yes,Yes,Fail
10500,2019-07-09,Yes,Yes,Pass
11229,2019-12-19,Yes,Yes,Pass
10373,2019-07-16,Yes,Yes,Fail
12137,2019-05-07,No,No,Fail
10112,2019-08-27,Yes,No,Fail
12866,2019-09-04,Yes,Yes,Pass
11827,2019-01-22,Yes,Yes,Pass
10933,2019-07-12,Yes,Yes,Pass
10170,2019-08-27,Yes,Yes,Pass
10532,2019-07-25,No,Yes,Fail
12530,2019-11-07,Yes,Yes,Fail
12877,2019-09-25,Yes,Yes,Pass
10049,2019-08-07,Yes,No,Fail
13273,2019-04-10,No,Yes,Fail
13134,2019-04-16,Yes,Yes,Pass
11327,2019-12-10,Yes,Yes,Pass
13102,2019-09-26,Yes,Yes,Fail
13166,2019-04-03,Yes,No,Fail
11829,2019-01-22,Yes,Yes,Fail
10163,2019-08-13,Yes,Yes,Pass
10008,2019-08-01,No,Yes,Fail
11843,2019-01-09,Yes,Yes,Pass
10335,2019-07-11,Yes,Yes,Pass
10985,2019-07-12,Yes,Yes,Fail
12509,2019-11-26,Yes,Yes,Pass
10829,2019-07-27,Yes,Yes,Pass
12243,2019-05-14,Yes,Yes,Fail
10377,2019-07-10,Yes,Yes,Pass
12921,2019-09-17,Yes,Yes,Pass
12787,2019-10-29,Yes,Yes,Pass
11601,2019-02-21,Yes,Yes,Pass
11187,2019-07-25,Yes,Yes,Pass
12772,2019-10-22,Yes,Yes,Pass
13282,2019-04-18,Yes,Yes,Fail
11534,2019-02-20,No,Yes,Fail
13261,2019-04-11,Yes,Yes,Pass
11575,2019-02-05,Yes,Yes,Pass
10965,2019-07-12,Yes,No,Fail
12232,2019-05-14,Yes,Yes,Pass
12029,2019-03-07,Yes,Yes,Fail
12471,2019-11-21,Yes,Yes,Fail
13303,2019-04-09,Yes,Yes,Pass
11121,2019-07-13,Yes,Yes,Pass
12001,2019-03-06,Yes,Yes,Pass
11709,2019-01-31,Yes,Yes,Fail
10059,2019-08-13,Yes,Yes,Pass
12190,2019-05-29,No,Yes,Fail
12250,2019-05-23,Yes,No,Fail
13365,2019-04-11,Yes,Yes,Fail
13147,2019-04-24,Yes,Yes,Pass
12672,2019-10-10,Yes,Yes,Fail
11856,2019-01-23,Yes,Yes,Pass
12273,2019-05-16,Yes,Yes,Pass
12949,2019-09-10,Yes,Yes,Pass
12742,2019-10-02,Yes,Yes,Pass
11752,2019-01-09,Yes,No,Fail
11263,2019-12-12,Yes,Yes,Pass
11712,2019-01-24,Yes,Yes,Pass
12454,2019-11-27,Yes,Yes,Pass
13024,2019-09-17,Yes,Yes,Fail
10467,2019-07-17,Yes,Yes,Pass
12663,2019-10-17,Yes,Yes,Pass
10085,2019-08-14,Yes,Yes,Fail
10288,2019-08-22,Yes,Yes,Fail
12588,2019-11-26,Yes,Yes,Pass
10524,2019-07-17,No,Yes,Fail
10254,2019-08-28,Yes,Yes,Pass
12681,2019-10-10,Yes,Yes,Pass
11629,2019-02-07,Yes,Yes,Pass
10913,2019-07-25,Yes,No,Fail
13073,2019-09-25,Yes,Yes,Pass
13351,2019-04-04,Yes,Yes,Pass
12822,2019-10-01,Yes,No,Fail
12861,2019-09-11,Yes,Yes,Pass
10224,2019-08-15,Yes,Yes,Fail
12496,2019-11-14,Yes,Yes,Fail
11167,2019-07-06,Yes,Yes,Fail
11917,2019-03-05,Yes,Yes,Pass
12936,2019-09-26,Yes,Yes,Pass
13027,2019-09-12,Yes,No,Fail
11992,2019-03-21,Yes,Yes,Pass
10101,2019-08-20,Yes,Yes,Pass
12671,2019-10-02,Yes,No,Fail
10268,2019-08-08,Yes,Yes,Pass
11749,2019-01-31,Yes,Yes,Fail
10416,2019-07-25,Yes,Yes,Fail
13076,2019-09-04,Yes,Yes,Pass
11113,2019-07-11,Yes,Yes,Pass
10202,2019-08-29,No,Yes,Fail
11061,2019-07-11,Yes,Yes,Fail
12231,2019-05-16,Yes,Yes,Pass
12657,2019-10-31,Yes,Yes,Fail
13372,2019-04-10,Yes,Yes,Pass
11620,2019-02-13,Yes,Yes,Pass
10023,2019-08-06,Yes,Yes,Pass
10943,2019-07-25,Yes,Yes,Pass
12954,2019-09-17,Yes,Yes,Fail
10881,2019-07-12,Yes,Yes,Pass
12086,2019-03-05,Yes,Yes,Fail
13294,2019-04-25,Yes,Yes,Pass
10056,2019-08-15,Yes,Yes,Pass
12030,2019-03-27,Yes,Yes,Fail
12844,2019-10-30,Yes,Yes,Pass
12387,2019-11-14,Yes,Yes,Pass
11361,2019-12-11,No,Yes,Fail
10131,2019-08-28,Yes,Yes,Pass
12071,2019-03-21,Yes,Yes,Fail
10603,2019-07-16,Yes,Yes,Pass
12989,2019-09-19,Yes,No,Fail
11422,2019-02-05,No,Yes,Fail
12637,2019-10-10,Yes,Yes,Pass
13243,2019-04-18,Yes,Yes,Pass
10411,2019-07-30,No,Yes,Fail
11171,2019-07-11,Yes,Yes,Pass
10135,2019-08-20,Yes,Yes,Fail
10855,2019-07-25,Yes,Yes,Pass
13004,2019-09-25,No,Yes,Fail
12164,2019-05-07,Yes,Yes,Pass
12696,2019-10-08,Yes,Yes,Fail
11325,2019-12-19,No,Yes,Fail
12997,2019-09-25,Yes,Yes,Pass
12739,2019-10-02,Yes,Yes,Pass
10701,2019-07-18,Yes,Yes,Fail
10182,2019-08-08,Yes,Yes,Pass
11785,2019-01-09,Yes,Yes,Pass
10186,2019-08-29,Yes,Yes,Pass
13037,2019-09-19,Yes,Yes,Pass
10353,2019-07-10,Yes,Yes,Fail
12093,2019-03-20,Yes,Yes,Pass
11177,2019-07-06,Yes,Yes,Pass
10061,2019-08-28,Yes,Yes,Pass
11907,2019-03-26,Yes,Yes,Pass
11830,2019-01-15,Yes,Yes,Pass
10602,2019-07-18,Yes,Yes,Pass
13013,2019-09-11,Yes,Yes,Pass
10381,2019-07-17,Yes,Yes,Pass
13057,2019-09-05,Yes,Yes,Pass
12461,2019-11-28,Yes,Yes,Pass
11386,2019-12-17,Yes,Yes,Pass
12596,2019-10-23,Yes,Yes,Pass
10153,2019-08-07,Yes,No,Fail
10176,2019-08-21,Yes,Yes,Pass
10476,2019-07-24,Yes,Yes,Pass
11614,2019-02-05,Yes,Yes,Fail
11469,2019-02-20,Yes,Yes,Fail
12308,2019-05-15,No,Yes,Fail
12854,2019-09-11,Yes,Yes,Fail
12618,2019-10-10,Yes,Yes,Pass
10501,2019-07-18,Yes,Yes,Pass
11775,2019-01-16,Yes,Yes,Pass
11898,2019-03-07,Yes,No,Fail
11552,2019-02-12,No,Yes,Fail
12043,2019-03-20,Yes,Yes,Pass
10516,2019-07-10,Yes,Yes,Pass
11844,2019-01-17,Yes,Yes,Pass
12305,2019-05-14,Yes,Yes,Fail
11687,2019-01-16,Yes,Yes,Pass
12031,2019-03-26,Yes,No,Fail
10583,2019-07-24,Yes,No,Fail
10150,2019-08-06,Yes,Yes,Pass
12951,2019-09-26,Yes,Yes,Pass
11232,2019-12-19,Yes,Yes,Pass
12416,2019-11-19,Yes,No,Fail
11399,2019-02-12,Yes,Yes,Pass
10209,2019-08-15,No,Yes,Fail
11416,2019-02-26,Yes,Yes,Pass
11667,2019-01-03,Yes,Yes,Pass
13061,2019-09-26,Yes,Yes,Fail
12960,2019-09-25,Yes,Yes,Fail
12067,2019-03-05,Yes,Yes,Pass
10149,2019-08-27,Yes,Yes,Pass
12074,2019-03-27,Yes,Yes,Pass
11742,2019-01-15,Yes,No,Fail
13158,2019-04-09,Yes,Yes,Pass
11872,2019-01-08,Yes,Yes,Pass
10556,2019-07-31,Yes,Yes,Pass
12532,2019-11-14,Yes,Yes,Pass
11790,2019-01-17,Yes,Yes,Pass
11316,2019-12-10,Yes,Yes,Fail
13345,2019-04-04,Yes,Yes,Pass
12320,2019-05-23,No,Yes,Fail
10612,2019-07-31,Yes,No,Fail
11359,2019-12-11,Yes,Yes,Pass
12945,2019-09-11,Yes,No,Fail
12024,2019-03-05,Yes,Yes,Pass
13022,2019-09-24,Yes,No,Fail
12178,2019-05-01,Yes,Yes,Fail
13224,2019-04-24,No,Yes,Fail
12676,2019-10-23,Yes,Yes,Pass
12986,2019-09-18,Yes,Yes,Pass
11956,2019-03-21,Yes,Yes,Pass
11701,2019-01-02,Yes,Yes,Pass
10294,2019-08-27,Yes,Yes,Pass
13168,2019-04-04,Yes,Yes,Pass
11909,2019-03-07,Yes,Yes,Pass
12335,2019-05-02,No,Yes,Fail
10454,2019-07-31,Yes,Yes,Pass
12061,2019-03-20,Yes,Yes,Pass
11846,2019-01-16,Yes,Yes,Fail
11805,2019-01-29,Yes,Yes,Fail
12204,2019-05-21,Yes,Yes,Pass
11551,2019-02-28,Yes,Yes,Fail
10368,2019-07-09,Yes,Yes,Pass
12287,2019-05-09,Yes,Yes,Fail
12853,2019-09-25,Yes,Yes,Pass
12331,2019-05-29,Yes,Yes,Fail
10439,2019-07-11,Yes,Yes,Pass
13236,2019-04-23,Yes,No,Fail
12328,2019-05-09,Yes,Yes,Pass
11230,2019-12-03,Yes,No,Fail
11333,2019-12-11,Yes,Yes,Fail
13136,2019-04-18,Yes,Yes,Pass
12973,2019-09-10,Yes,Yes,Pass
10012,2019-08-08,Yes,Yes,Fail
13124,2019-04-17,Yes,No,Fail
10323,2019-07-11,Yes,No,Fail
12745,2019-10-29,Yes,Yes,Pass
11473,2019-02-12,Yes,Yes,Fail
12269,2019-05-29,Yes,Yes,Pass
10849,2019-07-27,Yes,Yes,Pass
10371,2019-07-09,Yes,Yes,Fail
12568,2019-11-26,Yes,Yes,Pass
10267,2019-08-15,Yes,Yes,Pass
12504,2019-11-28,Yes,Yes,Pass
12345,2019-05-28,Yes,Yes,Fail
10578,2019-07-09,Yes,Yes,Pass
13268,2019-04-03,Yes,Yes,Pass
11326,2019-12-18,Yes,Yes,Pass
11219,2019-12-10,Yes,No,Fail
10069,2019-08-14,Yes,Yes,Pass
11039,2019-07-27,Yes,Yes,Pass
13315,2019-04-23,Yes,Yes,Fail
10098,2019-08-22,Yes,Yes,Pass
10485,2019-07-03,Yes,Yes,Pass
10468,2019-07-16,Yes,Yes,Pass
11688,2019-01-03,Yes,Yes,Pass
12777,2019-10-09,Yes,No,Fail
10257,2019-08-14,Yes,Yes,Pass
12668,2019-10-09,Yes,Yes,Pass
10554,2019-07-25,Yes,Yes,Fail
12280,2019-05-23,Yes,Yes,Pass
11001,2019-07-26,Yes,Yes,Fail
11401,2019-02-07,Yes,Yes,Fail
12201,2019-05-09,Yes,Yes,Pass
11500,2019-02-05,Yes,Yes,Pass
11890,2019-03-28,Yes,Yes,Pass
10309,2019-07-17,Yes,Yes,Pass
11971,2019-03-19,Yes,Yes,Pass
12832,2019-10-24,Yes,No,Fail
12814,2019-10-08,Yes,Yes,Pass
11817,2019-01-24,Yes,Yes,Pass
11355,2019-12-03,Yes,Yes,Pass
10825,2019-07-04,Yes,Yes,Pass
12565,2019-11-05,Yes,Yes,Pass
10400,2019-07-23,Yes,Yes,Pass
12340,2019-05-09,No,Yes,Fail
11535,2019-02-21,Yes,Yes,Pass
12458,2019-11-06,Yes,No,Fail
10803,2019-07-26,Yes,Yes,Fail
10801,2019-07-19,Yes,Yes,Pass
10213,2019-08-21,Yes,Yes,Pass
11901,2019-03-13,Yes,Yes,Pass
11197,2019-07-27,Yes,No,Fail
13206,2019-04-24,Yes,No,Fail
12094,2019-03-07,Yes,Yes,Pass
12571,2019-11-27,Yes,Yes,Pass
11566,2019-02-28,Yes,Yes,Fail
12658,2019-10-09,Yes,Yes,Pass
12446,2019-11-07,Yes,No,Fail
11491,2019-02-05,Yes,Yes,Pass
13244,2019-04-04,Yes,No,Fail
11988,2019-03-12,Yes,Yes,Pass
11756,2019-01-24,Yes,No,Fail
11665,2019-01-16,No,Yes,Fail
11974,2019-03-21,Yes,Yes,Pass
11799,2019-01-30,Yes,Yes,Pass
10152,2019-08-28,Yes,Yes,Pass
11983,2019-03-27,Yes,Yes,Pass
12104,2019-03-27,Yes,No,Fail
12369,2019-05-07,Yes,No,Fail
11931,2019-03-28,Yes,Yes,Pass
10146,2019-08-21,Yes,Yes,Pass
11319,2019-12-17,Yes,Yes,Fail
11772,2019-01-22,Yes,Yes,Pass
10236,2019-08-08,Yes,Yes,Pass
12604,2019-10-24,Yes,Yes,Pass
12905,2019-09-17,Yes,Yes,Pass
10272,2019-08-21,Yes,Yes,Pass
12020,2019-03-26,Yes,Yes,Pass
10565,2019-07-11,Yes,Yes,Pass
12880,2019-09-26,Yes,No,Fail
13025,2019-09-05,Yes,Yes,Pass
12092,2019-03-13,Yes,Yes,Pass
13319,2019-04-24,No,Yes,Fail
10233,2019-08-01,Yes,Yes,Fail
12644,2019-10-08,No,Yes,Fail
11581,2019-02-20,Yes,Yes,Pass
13114,2019-09-10,No,Yes,Fail
12841,2019-10-08,No,Yes,Fail
11876,2019-01-09,Yes,Yes,Pass
10395,2019-07-04,Yes,Yes,Pass
10657,2019-07-13,Yes,No,Fail
10488,2019-07-10,Yes,Yes,Pass
12019,2019-03-21,Yes,Yes,Pass
12743,2019-10-01,Yes,No,Fail
12913,2019-09-18,Yes,Yes,Pass
11238,2019-12-10,Yes,Yes,Fail
13177,2019-04-30,Yes,Yes,Pass
11828,2019-01-29,Yes,Yes,Pass
13291,2019-04-10,Yes,Yes,Pass
11689,2019-01-29,No,Yes,Fail
12621,2019-10-03,Yes,Yes,Pass
12296,2019-05-22,Yes,Yes,Fail
12616,2019-10-17,Yes,Yes,Pass
11540,2019-02-26,Yes,Yes,Pass
11637,2019-02-27,Yes,Yes,Fail
11175,2019-07-26,Yes,Yes,Pass
11732,2019-01-23,Yes,Yes,Fail
10057,2019-08-20,Yes,No,Fail
10312,2019-07-25,Yes,Yes,Pass
10945,2019-07-25,Yes,Yes,Pass
12317,2019-05-29,Yes,No,Fail
10508,2019-07-18,Yes,Yes,Fail
11231,2019-12-11,Yes,Yes,Pass
12765,2019-10-17,Yes,Yes,Pass
12293,2019-05-15,Yes,Yes,Pass
13100,2019-09-12,Yes,Yes,Pass
10763,2019-07-20,Yes,Yes,Pass
10027,2019-08-15,Yes,Yes,Pass
12367,2019-05-02,Yes,Yes,Fail
10478,2019-07-17,Yes,Yes,Fail
13080,2019-09-11,Yes,Yes,Pass
12981,2019-09-05,Yes,Yes,Fail
10039,2019-08-13,Yes,Yes,Pass
10277,2019-08-28,Yes,Yes,Fail
10769,2019-07-27,Yes,Yes,Pass
10733,2019-07-05,Yes,Yes,Pass
11529,2019-02-19,Yes,Yes,Fail
12494,2019-11-05,Yes,Yes,Pass
13251,2019-04-03,Yes,Yes,Pass
10055,2019-08-14,Yes,Yes,Fail
13090,2019-09-03,Yes,Yes,Pass
12371,2019-05-02,Yes,Yes,Pass
10451,2019-07-23,Yes,Yes,Pass
12871,2019-09-18,Yes,Yes,Pass
13374,2019-04-11,Yes,Yes,Pass
11374,2019-12-10,Yes,Yes,Pass
11450,2019-02-06,Yes,Yes,Pass
11029,2019-07-11,Yes,Yes,Fail
10259,2019-08-27,Yes,Yes,Pass
10396,2019-07-25,Yes,Yes,Fail
11169,2019-07-04,Yes,Yes,Pass
12309,2019-05-15,Yes,Yes,Pass
10815,2019-07-20,Yes,Yes,Pass
12452,2019-11-12,Yes,Yes,Pass
12396,2019-11-26,Yes,Yes,Fail
11041,2019-07-19,Yes,Yes,Pass
10063,2019-08-14,Yes,Yes,Pass
11209,2019-07-06,Yes,Yes,Fail
10274,2019-08-15,Yes,Yes,Pass
12479,2019-11-13,No,Yes,Fail
12901,2019-09-12,No,Yes,Fail
10040,2019-08-15,No,Yes,Fail
13299,2019-04-23,Yes,Yes,Pass
10084,2019-08-21,No,Yes,Fail
12439,2019-11-28,Yes,Yes,Pass
11340,2019-12-04,No,Yes,Fail
10174,2019-08-21,Yes,Yes,Fail
11497,2019-02-05,Yes,Yes,Pass
12270,2019-05-21,No,No,Fail
10072,2019-08-22,Yes,Yes,Pass
10379,2019-07-04,Yes,Yes,Fail
12406,2019-11-26,Yes,Yes,Pass
10358,2019-07-10,Yes,Yes,Fail
11582,2019-02-07,Yes,Yes,Pass
13229,2019-04-09,Yes,Yes,Pass
10455,2019-07-11,Yes,Yes,Pass
11109,2019-07-11,No,Yes,Fail
12160,2019-05-02,Yes,Yes,Fail
10310,2019-07-17,Yes,Yes,Fail
11588,2019-02-19,Yes,Yes,Pass
12258,2019-05-15,Yes,Yes,Pass
13165,2019-04-10,Yes,Yes,Pass
12760,2019-10-22,Yes,Yes,Pass
12050,2019-03-19,Yes,Yes,Pass
10713,2019-07-25,Yes,Yes,Pass
10074,2019-08-14,Yes,Yes,Fail
13207,2019-04-18,Yes,Yes,Pass
11634,2019-02-14,Yes,Yes,Fail
10755,2019-07-18,Yes,Yes,Pass
10809,2019-07-20,No,Yes,Fail
12040,2019-03-21,Yes,Yes,Pass
13127,2019-04-02,Yes,Yes,Fail
11463,2019-02-19,Yes,Yes,Pass
11721,2019-01-10,Yes,Yes,Pass
12173,2019-05-09,No,Yes,Fail
12579,2019-11-07,Yes,Yes,Fail
12048,2019-03-19,Yes,Yes,Pass
11523,2019-02-26,Yes,Yes,Pass
12888,2019-09-05,Yes,Yes,Pass
10158,2019-08-01,Yes,Yes,Pass
11425,2019-02-13,Yes,No,Fail
10550,2019-07-02,Yes,Yes,Pass
11347,2019-12-03,No,Yes,Fail
10859,2019-07-19,Yes,Yes,Pass
12873,2019-09-25,Yes,Yes,Pass
11301,2019-12-17,Yes,Yes,Pass
13333,2019-04-03,No,No,Fail
11925,2019-03-20,Yes,Yes,Pass
10360,2019-07-18,Yes,Yes,Pass
12134,2019-05-21,Yes,Yes,Pass
11768,2019-01-22,No,Yes,Fail
11818,2019-01-31,Yes,Yes,Pass
11670,2019-01-24,Yes,Yes,Pass
13139,2019-04-18,Yes,Yes,Pass
10431,2019-07-03,Yes,Yes,Fail
13003,2019-09-17,Yes,No,Fail
10293,2019-08-01,Yes,Yes,Fail
12378,2019-11-12,No,Yes,Fail
10118,2019-08-08,Yes,Yes,Pass
13043,2019-09-17,Yes,Yes,Pass
11510,2019-02-06,Yes,Yes,Fail
10252,2019-08-15,Yes,Yes,Pass
12502,2019-11-19,Yes,Yes,Pass
12351,2019-05-23,Yes,Yes,Pass
11773,2019-01-02,Yes,Yes,Pass
13012,2019-09-19,No,Yes,Fail
11706,2019-01-29,Yes,Yes,Pass
11191,2019-07-25,Yes,Yes,Pass
11613,2019-02-13,Yes,Yes,Pass
11063,2019-07-12,Yes,Yes,Fail
12338,2019-05-07,No,Yes,Fail
10305,2019-07-23,Yes,Yes,Pass
12401,2019-11-12,Yes,Yes,Pass
11786,2019-01-16,Yes,Yes,Pass
10598,2019-07-31,Yes,Yes,Pass
12862,2019-09-03,Yes,No,Fail
10605,2019-07-11,Yes,Yes,Pass
10613,2019-07-12,No,Yes,Fail
10641,2019-07-11,Yes,Yes,Pass
12284,2019-05-01,No,Yes,Fail
11652,2019-01-29,Yes,Yes,Fail
12261,2019-05-22,Yes,Yes,Pass
12799,2019-10-08,Yes,Yes,Fail
11477,2019-02-20,Yes,Yes,Pass
12265,2019-05-28,Yes,Yes,Fail
12640,2019-10-22,Yes,Yes,Pass
12591,2019-11-27,Yes,Yes,Pass
11542,2019-02-14,Yes,Yes,Pass
11270,2019-12-12,Yes,Yes,Fail
11554,2019-02-14,Yes,No,Fail
10075,2019-08-14,Yes,Yes,Pass
13210,2019-04-18,Yes,Yes,Pass
11501,2019-02-12,Yes,Yes,Pass
10473,2019-07-02,Yes,Yes,Pass
12222,2019-05-29,Yes,Yes,Pass
11976,2019-03-21,Yes,Yes,Pass
12044,2019-03-27,Yes,Yes,Pass
12542,2019-11-13,Yes,Yes,Pass
13275,2019-04-16,Yes,Yes,Fail
10843,2019-07-13,Yes,Yes,Pass
10255,2019-08-01,Yes,Yes,Fail
12150,2019-05-16,Yes,Yes,Pass
11579,2019-02-27,Yes,Yes,Fail
10466,2019-07-30,Yes,Yes,Pass
10697,2019-07-19,Yes,Yes,Pass
10253,2019-08-01,Yes,Yes,Pass
10212,2019-08-15,Yes,No,Fail
13196,2019-04-03,Yes,Yes,Pass
11905,2019-03-13,Yes,Yes,Pass
11268,2019-12-10,Yes,Yes,Pass
10407,2019-07-04,Yes,Yes,Pass
13250,2019-04-03,Yes,Yes,Pass
13075,2019-09-26,Yes,Yes,Pass
11711,2019-01-16,Yes,Yes,Pass
11841,2019-01-10,Yes,Yes,Pass
11373,2019-12-04,Yes,Yes,Pass
13035,2019-09-11,Yes,Yes,Pass
11969,2019-03-27,Yes,No,Fail
10100,2019-08-22,Yes,Yes,Pass
11407,2019-02-12,Yes,Yes,Pass
12674,2019-10-29,Yes,Yes,Pass
12969,2019-09-10,Yes,Yes,Pass
12112,2019-03-13,Yes,Yes,Pass
10034,2019-08-15,Yes,Yes,Pass
12438,2019-11-06,Yes,Yes,Fail
10001,2019-08-22,Yes,Yes,Pass
11685,2019-01-30,Yes,Yes,Pass
13095,2019-09-24,Yes,Yes,Pass
11649,2019-01-10,Yes,Yes,Pass
12594,2019-10-29,Yes,Yes,Pass
12374,2019-05-23,No,No,Fail
11798,2019-01-29,Yes,Yes,Pass
11414,2019-02-14,Yes,Yes,Pass
12868,2019-09-18,No,Yes,Fail
13334,2019-04-04,Yes,No,Fail
12848,2019-09-24,Yes,Yes,Pass
12561,2019-11-12,Yes,Yes,Pass
13283,2019-04-03,Yes,Yes,Pass
12350,2019-05-01,Yes,Yes,Pass
13087,2019-09-05,Yes,Yes,Pass
12537,2019-11-28,Yes,Yes,Fail
10661,2019-07-20,Yes,Yes,Pass
13296,2019-04-17,Yes,Yes,Pass
12894,2019-09-18,Yes,Yes,Pass
11837,2019-01-24,Yes,Yes,Pass
10307,2019-07-23,Yes,No,Fail
10004,2019-08-28,Yes,Yes,Pass
12236,2019-05-29,Yes,Yes,Pass
12625,2019-10-02,Yes,Yes,Pass
11043,2019-07-19,Yes,Yes,Pass
12347,2019-05-29,Yes,No,Fail
11813,2019-01-09,Yes,Yes,Fail
11796,2019-01-17,Yes,Yes,Pass
11750,2019-01-30,No,Yes,Fail
12487,2019-11-19,Yes,Yes,Pass
12359,2019-05-14,Yes,Yes,Pass
12521,2019-11-14,Yes,Yes,Pass
12436,2019-11-21,Yes,Yes,Fail
12699,2019-10-09,Yes,Yes,Pass
11328,2019-12-03,Yes,Yes,Pass
13235,2019-04-03,Yes,Yes,Fail
11536,2019-02-12,No,Yes,Fail
12334,2019-05-23,Yes,Yes,Pass
12551,2019-11-14,Yes,Yes,Pass
10981,2019-07-18,Yes,Yes,Pass
12930,2019-09-24,Yes,Yes,Pass
10871,2019-07-20,Yes,Yes,Pass
10457,2019-07-31,Yes,Yes,Fail
12505,2019-11-19,Yes,Yes,Pass
11658,2019-01-02,Yes,No,Fail
12704,2019-10-03,Yes,Yes,Pass
12624,2019-10-29,Yes,Yes,Fail
12248,2019-05-09,Yes,Yes,Fail
11179,2019-07-12,Yes,Yes,Pass
11765,2019-01-09,Yes,Yes,Pass
10258,2019-08-20,Yes,No,Fail
13264,2019-04-24,Yes,Yes,Pass
11666,2019-01-22,Yes,Yes,Pass
10280,2019-08-07,Yes,Yes,Pass
10837,2019-07-06,Yes,Yes,Fail
12575,2019-11-27,Yes,Yes,Pass
12281,2019-05-22,Yes,Yes,Pass
13074,2019-09-04,Yes,Yes,Pass
11715,2019-01-17,Yes,Yes,Pass
12245,2019-05-09,Yes,Yes,Pass
10446,2019-07-18,Yes,No,Fail
12442,2019-11-19,Yes,Yes,Pass
12700,2019-10-17,Yes,No,Fail
10693,2019-07-20,Yes,Yes,Pass
13308,2019-04-25,Yes,Yes,Pass
11979,2019-03-26,No,Yes,Fail
13318,2019-04-25,Yes,Yes,Fail
12988,2019-09-11,Yes,Yes,Pass
11248,2019-12-05,Yes,Yes,Pass
10418,2019-07-04,Yes,Yes,Pass
12311,2019-05-07,Yes,Yes,Fail
10861,2019-07-18,Yes,Yes,Pass
13208,2019-04-16,No,Yes,Fail
12251,2019-05-23,Yes,Yes,Pass
11520,2019-02-26,No,Yes,Fail
12798,2019-10-22,Yes,Yes,Fail
12355,2019-05-08,Yes,Yes,Pass
13339,2019-04-18,Yes,Yes,Pass
11505,2019-02-07,Yes,Yes,Pass
12728,2019-10-24,Yes,Yes,Pass
13354,2019-04-04,Yes,Yes,Fail
10221,2019-08-21,Yes,Yes,Pass
13174,2019-04-11,Yes,Yes,Pass
11825,2019-01-16,Yes,No,Fail
12195,2019-05-02,Yes,Yes,Pass
11288,2019-12-19,Yes,Yes,Pass
10520,2019-07-04,Yes,Yes,Pass
11776,2019-01-16,Yes,Yes,Pass
10497,2019-07-10,Yes,Yes,Fail
11745,2019-01-09,Yes,Yes,Pass
11679,2019-01-15,Yes,No,Fail
11622,2019-02-28,Yes,Yes,Pass
13088,2019-09-24,Yes,Yes,Pass
11787,2019-01-24,Yes,Yes,Pass
12706,2019-10-15,Yes,Yes,Fail
13220,2019-04-10,Yes,Yes,Fail
12711,2019-10-24,Yes,Yes,Fail
12810,2019-10-16,Yes,Yes,Pass
11951,2019-03-12,Yes,Yes,Pass
12808,2019-10-22,Yes,Yes,Fail
13131,2019-04-10,Yes,Yes,Pass
10183,2019-08-22,Yes,Yes,Pass
12142,2019-05-23,Yes,Yes,Pass
12491,2019-11-12,Yes,Yes,Pass
12172,2019-05-02,No,Yes,Fail
11432,2019-02-27,Yes,Yes,Pass
11251,2019-12-18,No,Yes,Fail
12016,2019-03-05,Yes,Yes,Pass
10987,2019-07-26,Yes,Yes,Pass
10148,2019-08-20,Yes,Yes,Pass
11213,2019-12-05,No,Yes,Fail
11435,2019-02-14,Yes,No,Fail
12060,2019-03-06,Yes,Yes,Pass
11430,2019-02-06,Yes,Yes,Pass
12492,2019-11-06,Yes,Yes,Pass
12215,2019-05-14,Yes,Yes,Pass
11748,2019-01-08,Yes,Yes,Pass
13112,2019-09-04,Yes,Yes,Pass
13297,2019-04-10,Yes,Yes,Pass
10420,2019-07-03,Yes,Yes,Pass
12721,2019-10-10,Yes,Yes,Fail
12939,2019-09-03,Yes,Yes,Pass
12062,2019-03-19,Yes,Yes,Fail
11404,2019-02-12,Yes,Yes,Pass
11887,2019-03-19,Yes,Yes,Pass
11926,2019-03-12,Yes,Yes,Pass
10370,2019-07-18,Yes,Yes,Pass
12639,2019-10-10,Yes,Yes,Pass
13146,2019-04-02,Yes,Yes,Pass
12934,2019-09-10,Yes,Yes,Pass
12746,2019-10-23,Yes,Yes,Pass
10592,2019-07-31,Yes,No,Fail
11989,2019-03-19,Yes,Yes,Pass
11222,2019-12-04,Yes,Yes,Pass
11155,2019-07-27,Yes,Yes,Pass
11254,2019-12-04,Yes,No,Fail
13038,2019-09-12,Yes,Yes,Pass
10132,2019-08-29,Yes,Yes,Pass
12919,2019-09-03,No,Yes,Fail
11479,2019-02-06,No,Yes,Fail
12440,2019-11-20,Yes,Yes,Pass
11816,2019-01-16,No,Yes,Fail
11264,2019-12-19,Yes,Yes,Fail
10166,2019-08-06,Yes,Yes,Pass
12419,2019-11-14,Yes,Yes,Pass
12283,2019-05-30,Yes,Yes,Pass
12529,2019-11-13,Yes,Yes,Pass
12466,2019-11-28,Yes,Yes,Pass
11654,2019-01-22,Yes,Yes,Pass
12748,2019-10-17,Yes,Yes,Pass
10544,2019-07-09,Yes,Yes,Pass
10114,2019-08-07,Yes,Yes,Pass
12124,2019-05-21,No,Yes,Fail
12483,2019-11-05,Yes,Yes,Pass
12816,2019-10-15,Yes,Yes,Pass
11863,2019-01-30,Yes,Yes,Pass
11945,2019-03-21,No,Yes,Fail
11309,2019-12-10,Yes,Yes,Pass
11767,2019-01-31,Yes,Yes,Pass
12411,2019-11-26,Yes,Yes,Pass
12161,2019-05-15,Yes,Yes,Pass
13107,2019-09-24,Yes,Yes,Pass
10563,2019-07-16,Yes,Yes,Pass
12292,2019-05-30,No,Yes,Fail
13113,2019-09-17,Yes,No,Fail
11949,2019-03-13,Yes,Yes,Fail
13032,2019-09-05,Yes,Yes,Pass
13065,2019-09-18,Yes,Yes,Fail
10203,2019-08-13,Yes,Yes,Pass
13242,2019-04-30,Yes,No,Fail
10419,2019-07-10,Yes,Yes,Pass
11290,2019-12-19,No,Yes,Fail
13029,2019-09-18,Yes,Yes,Pass
12876,2019-09-04,Yes,Yes,Fail
11391,2019-02-28,Yes,Yes,Fail
10297,2019-08-20,Yes,Yes,Pass
13120,2019-09-12,Yes,Yes,Fail
11570,2019-02-12,Yes,Yes,Pass
13048,2019-09-05,Yes,Yes,Pass
11928,2019-03-05,Yes,Yes,Pass
11527,2019-02-13,No,Yes,Fail
11858,2019-01-08,Yes,Yes,Pass
13164,2019-04-11,Yes,Yes,Fail
12181,2019-05-07,Yes,Yes,Pass
10385,2019-07-24,No,Yes,Fail
10160,2019-08-21,Yes,Yes,Pass
10502,2019-07-09,Yes,Yes,Pass
12943,2019-09-04,Yes,Yes,Pass
11941,2019-03-05,Yes,Yes,Pass
10348,2019-07-30,No,Yes,Fail
10677,2019-07-13,Yes,Yes,Pass
12123,2019-03-05,Yes,Yes,Fail
12740,2019-10-24,Yes,Yes,Fail
13069,2019-09-12,Yes,Yes,Pass
12698,2019-10-29,No,Yes,Fail
10234,2019-08-27,Yes,Yes,Pass
11332,2019-12-17,Yes,Yes,Pass
10326,2019-07-16,Yes,Yes,Pass
11533,2019-02-27,Yes,No,Fail
12633,2019-10-17,No,No,Fail
10783,2019-07-05,Yes,Yes,Pass
11942,2019-03-07,Yes,Yes,Pass
12303,2019-05-01,No,Yes,Fail
11528,2019-02-14,No,Yes,Fail
13117,2019-09-24,Yes,Yes,Pass
10767,2019-07-04,Yes,Yes,Pass
12820,2019-10-17,Yes,Yes,Pass
13284,2019-04-10,No,Yes,Fail
12578,2019-11-12,No,Yes,Fail
13028,2019-09-11,Yes,Yes,Pass
13111,2019-09-12,Yes,Yes,Fail
12603,2019-10-23,Yes,Yes,Pass
11243,2019-12-19,Yes,No,Fail
11405,2019-02-20,Yes,Yes,Pass
12139,2019-05-16,Yes,Yes,Pass
11720,2019-01-30,Yes,Yes,Fail
10586,2019-07-16,Yes,Yes,Fail
10731,2019-07-20,Yes,Yes,Fail
11814,2019-01-10,Yes,Yes,Pass
11424,2019-02-20,Yes,Yes,Pass
12444,2019-11-14,Yes,Yes,Pass
10879,2019-07-11,Yes,Yes,Pass
12022,2019-03-06,Yes,No,Fail
11938,2019-03-05,Yes,Yes,Fail
12027,2019-03-06,Yes,Yes,Pass
12879,2019-09-26,Yes,Yes,Pass
10022,2019-08-14,Yes,Yes,Pass
10669,2019-07-20,Yes,No,Fail
13238,2019-04-30,Yes,Yes,Pass
10581,2019-07-11,No,Yes,Fail
12216,2019-05-21,Yes,Yes,Pass
13301,2019-04-11,Yes,Yes,Pass
12855,2019-09-04,Yes,Yes,Pass
12474,2019-11-26,No,Yes,Fail
10611,2019-07-31,Yes,Yes,Pass
13295,2019-04-02,Yes,Yes,Fail
10503,2019-07-10,Yes,Yes,Pass
10443,2019-07-11,Yes,No,Fail
10821,2019-07-04,Yes,Yes,Pass
13063,2019-09-05,Yes,Yes,Pass
10805,2019-07-04,Yes,Yes,Pass
11849,2019-01-17,Yes,Yes,Pass
12646,2019-10-03,No,Yes,Fail
11133,2019-07-06,Yes,No,Fail
11370,2019-12-10,Yes,Yes,Pass
12695,2019-10-10,Yes,No,Fail
12641,2019-10-17,Yes,Yes,Pass
12324,2019-05-29,No,Yes,Fail
11860,2019-01-15,Yes,No,Fail
13335,2019-04-24,Yes,Yes,Fail
12414,2019-11-06,Yes,No,Fail
12661,2019-10-08,Yes,Yes,Pass
11585,2019-02-21,Yes,Yes,Pass
11396,2019-02-12,Yes,Yes,Pass
10469,2019-07-02,Yes,Yes,Pass
12823,2019-10-24,Yes,Yes,Pass
12009,2019-03-27,Yes,Yes,Pass
12957,2019-09-04,No,Yes,Fail
12008,2019-03-05,Yes,Yes,Pass
10168,2019-08-14,Yes,Yes,Fail
13366,2019-04-18,Yes,Yes,Pass
11875,2019-01-23,Yes,Yes,Pass
11295,2019-12-03,No,Yes,Fail
10025,2019-08-13,No,Yes,Fail
10887,2019-07-12,Yes,Yes,Pass
13161,2019-04-16,Yes,Yes,Pass
11574,2019-02-26,Yes,Yes,Pass
12859,2019-09-18,Yes,No,Fail
10475,2019-07-10,Yes,Yes,Pass
11991,2019-03-05,Yes,Yes,Pass
10529,2019-07-03,No,Yes,Fail
11257,2019-12-19,Yes,Yes,Pass
13018,2019-09-05,Yes,Yes,Pass
11972,2019-03-27,Yes,Yes,Pass
11141,2019-07-18,Yes,Yes,Pass
12723,2019-10-15,Yes,No,Fail
13331,2019-04-24,Yes,Yes,Fail
13281,2019-04-09,Yes,Yes,Pass
12902,2019-09-10,Yes,No,Fail
10415,2019-07-11,Yes,Yes,Pass
12606,2019-10-30,Yes,Yes,Fail
11312,2019-12-11,Yes,Yes,Pass
12221,2019-05-01,Yes,Yes,Pass
12255,2019-05-21,Yes,Yes,Pass
13183,2019-04-03,Yes,Yes,Fail
11897,2019-03-19,Yes,Yes,Pass
13332,2019-04-24,Yes,Yes,Pass
10883,2019-07-26,No,Yes,Fail
11760,2019-01-16,Yes,No,Fail
11195,2019-07-06,Yes,Yes,Pass
10033,2019-08-01,No,Yes,Fail
11651,2019-01-23,Yes,Yes,Pass
11067,2019-07-12,Yes,Yes,Pass
13052,2019-09-19,Yes,No,Fail
11804,2019-01-23,Yes,Yes,Pass
12064,2019-03-13,Yes,No,Fail
10092,2019-08-06,Yes,No,Fail
13221,2019-04-02,Yes,Yes,Pass
12157,2019-05-07,No,Yes,Fail
13285,2019-04-25,Yes,Yes,Pass
12846,2019-10-16,Yes,Yes,Pass
10120,2019-08-29,Yes,Yes,Pass
11287,2019-12-18,Yes,Yes,Pass
11734,2019-01-09,Yes,Yes,Pass
11480,2019-02-07,Yes,Yes,Fail
10284,2019-08-08,Yes,Yes,Pass
12909,2019-09-17,Yes,Yes,Pass
12170,2019-05-23,Yes,Yes,Pass
12039,2019-03-20,Yes,Yes,Pass
11724,2019-01-15,Yes,Yes,Pass
10847,2019-07-11,Yes,Yes,Pass
12127,2019-05-22,Yes,Yes,Pass
12189,2019-05-21,Yes,Yes,Pass
12920,2019-09-11,Yes,Yes,Pass
12937,2019-09-03,Yes,Yes,Fail
11389,2019-12-18,Yes,Yes,Pass
11967,2019-03-12,Yes,Yes,Fail
12399,2019-11-06,Yes,Yes,Pass
11771,2019-01-03,Yes,Yes,Pass
10196,2019-08-07,Yes,Yes,Pass
12244,2019-05-09,Yes,Yes,Pass
12102,2019-03-28,Yes,Yes,Fail
13106,2019-09-18,Yes,Yes,Pass
10526,2019-07-02,Yes,Yes,Pass
10997,2019-07-05,Yes,Yes,Pass
10453,2019-07-30,Yes,Yes,Fail
13348,2019-04-16,Yes,Yes,Pass
11702,2019-01-16,Yes,Yes,Pass
12817,2019-10-31,Yes,Yes,Fail
12942,2019-09-03,Yes,Yes,Fail
11276,2019-12-19,Yes,Yes,Pass
10727,2019-07-18,Yes,No,Fail
11987,2019-03-20,Yes,No,Fail
12199,2019-05-29,Yes,Yes,Fail
12425,2019-11-14,Yes,Yes,Pass
10078,2019-08-01,Yes,Yes,Fail
11049,2019-07-18,Yes,Yes,Fail
11795,2019-01-16,No,Yes,Fail
11906,2019-03-07,No,Yes,Fail
10315,2019-07-11,Yes,Yes,Pass
10765,2019-07-27,Yes,Yes,Pass
10574,2019-07-11,Yes,Yes,Pass
11612,2019-02-14,Yes,Yes,Pass
13091,2019-09-19,Yes,Yes,Pass
11541,2019-02-27,No,Yes,Fail
11661,2019-01-10,Yes,Yes,Fail
10735,2019-07-12,Yes,Yes,Pass
10440,2019-07-10,Yes,Yes,Fail
12457,2019-11-05,Yes,Yes,Fail
11965,2019-03-19,Yes,Yes,Pass
11784,2019-01-24,Yes,Yes,Pass
13049,2019-09-26,Yes,Yes,Pass
12034,2019-03-07,Yes,Yes,Pass
13005,2019-09-17,Yes,Yes,Pass
12867,2019-09-19,Yes,Yes,Pass
10320,2019-07-16,Yes,Yes,Fail
